"","P","pm2","Alder","B.Ar","EL.Kar","EL.Kar.Original","O.Karak","O.Karak_num","BLEnergikWh","MatValg","MatValg_num","Oms.Typ","BolType","AntEiendom","EiendomAreal","VannkantGL","VegkantGL","RegLBE","RegGrunnforur","RegKulturEiendom","RegGrunnerverv","TotBoliger","BRA.Bolig","BRA.Annet","BRA.Tot","BebygdAreal","RegKulturByg","Etasje","Lopenr","Bruksareal.Enhet","AntallRom","AntallBad","AntallWC","PrivatEid","HarHeis","Etasje_num","EtasjeSeksjon","Kjokken","VannKode","Vannforsyning","AvlopsKode","Avlop","DokumentAr","YearQuarter","DokumentDato","Matrikkel","Knr","Gnr","Bnr","Snr","Bygningsnummer","GateAdresse","EiendomAdressegatenavn","EiendomAdressehusnr","EiendomAdressebokstav","BruksEnhetsNummer","Postnummer","Bygningskategori","Dokumentnr","Bygningstype","Anvendelse","Naeringsgruppe","Andelsnummer","InternIdBruksenhet","dist_cbd_km","geom"
"1",2900000,23200,13,2007,4,"D","Orange",2,176.38,"Tre",4,"Fritt salg","Rekkehus/kjede",1,"182.7",0,0,0,0,0,0,1,125,"0.0","125.0","0.0",0,1,1,125,4,2,2,1,0,2,"Hovedetasje","Kjøkken",1,"Tilkn. off. vannverk",2,"Privat kloakk",2020,"2020Q3",2020-07-20 02:00:00,"4627/17/547/NA",4627,17,547,"0",23005077,"KOLLEVÅGTJØRNA 2","kollevågtjørna",2,NA,"H0101","5310","Småhus",2769720,"Rekkehus","Bolig","Bolig",11,155612,12.34,c(-41649.58, 6742052.29)
"2",6100000,21403.5087719298,35,1984,3,"E","Orange",2,274.86,"Tre",4,"Fritt salg","Frittliggende enebolig",2,"918.8",0,0,0,0,0,0,1,285,"0.0","285.0","0.0",0,1,1,285,5,2,3,1,0,2,"Hovedetasje","Kjøkken",1,"Tilkn. off. vannverk",1,"Offentlig kloakk",2019,"2019Q2",2019-05-03 02:00:00,"4601/188/326/NA",4601,188,326,"0",9419829,"Myrdalskogen 195","myrdalskogen",195,NA,"H0101","5117","Småhus",500732,"Enebolig","Bolig","Bolig",7,4797847,8.75,c(-31984.98, 6743078.92)
"3",6350000,83552.6315789474,32,1989,4,"D","Yellow",3,196.29,"Tre",4,"Fritt salg","Frittliggende enebolig",1,"725.1",0,0,0,0,0,0,2,232,"0.0","232.0","0.0",0,1,1,76,3,1,1,1,0,1,"Underetasje","Kjøkken",1,"Tilkn. off. vannverk",1,"Offentlig kloakk",2021,"2021Q4",2021-11-04 01:00:00,"4601/43/698/NA",4601,43,698,"0",9489118,"SANDDALSRINGEN 17","sanddalsringen",17,NA,"H0101","5225","Småhus",1389031,"Enebolig m/hybel/sokkelleil.","Bolig","Bolig",4,4808265,7.88,c(-30619.42, 6726572.78)
"4",5190000,31454.5454545455,35,1984,4,"D","Orange",2,202.17,"Tre",4,"Fritt salg","Rekkehus/kjede",1,"308.4",1,0,0,0,0,0,1,165,"0.0","165.0","0.0",0,1,1,165,4,2,2,1,0,2,"Hovedetasje","Kjøkken",1,"Tilkn. off. vannverk",1,"Offentlig kloakk",2019,"2019Q4",2019-12-12 01:00:00,"4601/121/670/NA",4601,121,670,"0",9423346,"NORDÅSBROTET 52","nordåsbrotet",52,NA,"H0101","5235","Småhus",1497812,"Rekkehus","Bolig","Bolig",7,4798378,9.91,c(-34368.11, 6724695.36)
"5",4150000,70338.9830508475,28,1992,4,"D","Orange",2,225.66,"Tre",4,"Fritt salg","Frittliggende enebolig",1,"963.3",0,0,0,0,0,0,2,178,"0.0","178.0","0.0",0,1,1,59,2,1,1,1,0,1,"Underetasje","Kjøkken",1,"Tilkn. off. vannverk",1,"Offentlig kloakk",2020,"2020Q1",2020-03-18 01:00:00,"4627/4/1018/NA",4627,4,1018,"0",9825517,"VESTRE VARDANE 18","vestre vardane",18,NA,"H0101","5306","Småhus",2243515,"Enebolig m/hybel/sokkelleil.","Bolig","Bolig",13,96525,8.93,c(-37223.21, 6741592.05)
"6",4450000,28343.949044586,21,1998,4,"D","Orange",2,166.99,"Tre",4,"Fritt salg","Frittliggende enebolig",1,"489.8",0,0,0,0,0,0,1,157,"0.0","157.0","0.0",0,1,1,157,5,1,2,1,0,2,"Hovedetasje","Kjøkken",1,"Tilkn. off. vannverk",1,"Offentlig kloakk",2019,"2019Q1",2019-02-18 01:00:00,"4624/51/354/NA",4624,51,354,"0",16460877,"KUHNLEVEGEN 125","kuhnlevegen",125,NA,"H0101","5200","Småhus",202023,"Enebolig","Bolig","Bolig",12,2352419,24.99,c(-28096.67, 6709646.71)
"7",7650000,33849.5575221239,23,1998,5,"C","Orange",2,157.02,"Tre",4,"Fritt salg","Frittliggende enebolig",1,"884.9",0,0,0,0,0,0,2,226,"0.0","226.0","0.0",0,1,1,226,6,2,2,1,0,2,"Hovedetasje","Kjøkken",1,"Tilkn. off. vannverk",1,"Offentlig kloakk",2021,"2021Q3",2021-07-07 02:00:00,"4601/20/1678/NA",4601,20,1678,"0",9582037,"KRÅKENESDALEN 321","kråkenesdalen",321,NA,"H0101","5153","Småhus",836673,"Enebolig m/hybel/sokkelleil.","Bolig","Bolig",6,4748512,6.8,c(-33241.26, 6727627.89)
"8",2700000,12442.3963133641,39,1980,2,"F","Orange",2,317.03,"Tre",4,"Fritt salg","Frittliggende enebolig",1,"1136.0",0,0,0,0,0,0,1,217,"0.0","217.0","0.0",0,1,1,217,4,1,1,1,0,2,"Hovedetasje","Kjøkken",1,"Tilkn. off. vannverk",0,"Ikke Oppgitt",2019,"2019Q3",2019-07-11 02:00:00,"4632/130/100/NA",4632,130,100,"0",17650432,"Vardevegen 65","vardevegen",65,NA,"H0101","5953","Småhus",810729,"Enebolig","Bolig","Bolig",11,1425535,49.17,c(-42908.77, 6782277.72)
"9",4435000,31013.986013986,33,1988,4,"D","Orange",2,228.5,"Tre",4,"Fritt salg","Frittliggende enebolig",1,"758.2",0,0,0,0,0,0,1,146,"0.0","146.0","0.0",0,1,1,143,5,2,2,1,0,2,"Hovedetasje","Kjøkken",1,"Tilkn. off. vannverk",1,"Offentlig kloakk",2021,"2021Q2",2021-06-15 02:00:00,"4627/12/1400/NA",4627,12,1400,"0",9820787,"Marikovneset 28","marikovneset",28,NA,"H0101","5302","Småhus",720616,"Enebolig","Bolig","Bolig",11,94201,7.8,c(-39653.16, 6735987.74)
"10",4590000,46363.6363636364,28,1994,4,"D","Orange",2,232.1,"Tre",4,"Fritt salg","Rekkehus/kjede",1,"350.3",0,0,0,0,0,0,1,99,"0.0","99.0","0.0",0,1,1,99,4,1,1,1,0,2,"Hovedetasje","Kjøkken",1,"Tilkn. off. vannverk",1,"Offentlig kloakk",2022,"2022Q4",2022-11-21 01:00:00,"4601/37/215/NA",4601,37,215,"0",9523278,"AURDALSLIA 7","aurdalslia",7,NA,"H0101","5253","Småhus",1320617,"Rekkehus","Bolig","Bolig",10,4763554,9.87,c(-35568.19, 6725113.7)
"11",6500000,104838.709677419,22,1998,4,"D","Orange",2,176.76,"Tre",4,"Fritt salg","Frittliggende enebolig",1,"1359.1",0,0,0,0,0,0,2,353,"0.0","353.0","0.0",0,1,1,62,2,1,1,1,0,1,"Underetasje","Kjøkken",1,"Tilkn. off. vannverk",1,"Offentlig kloakk",2020,"2020Q4",2020-10-06 02:00:00,"4601/205/24/NA",4601,205,24,"0",9559531,"HJORTLANDSVEGEN 110","hjortlandsvegen",110,NA,"H0101","5135","Småhus",3132780,"Enebolig m/hybel/sokkelleil.","Bolig","Bolig",6,4818339,7.58,c(-28640.7, 6741105.12)
"12",3100000,30693.0693069307,129,1893,1,"G","Red",1,920.37,"Tre",4,"Fritt salg","Blokkleilighet",1,"115.4",0,0,0,0,1,0,3,207,"0.0","207.0","0.0",1,2,1,101,4,1,1,1,0,2,"Hovedetasje","Kjøkken",1,"Tilkn. off. vannverk",1,"Offentlig kloakk",2022,"2022Q4",2022-11-25 01:00:00,"4601/166/329/NA",4601,166,329,"0",139297075,"LILLE ØVREGATEN 20 A","lille øvregaten",20,"A","H0101","5018","Småhus",1343982,"Store sammenb. boligbygg på 3 og 4 etg.","Bolig","Bolig",6,4865477,0.49,c(-31604.57, 6734575.97)
"13",2190000,81111.1111111111,127,1893,1,"G","Red",1,920.37,"Tre",4,"Fritt salg","Blokkleilighet",2,"115.4",0,0,0,0,1,0,3,207,"0.0","207.0","0.0",1,1,2,27,2,1,1,1,0,2,"Hovedetasje","Kjøkken",1,"Tilkn. off. vannverk",1,"Offentlig kloakk",2020,"2020Q3",2020-09-04 02:00:00,"4601/166/329/NA",4601,166,329,"0",139297075,"LILLE ØVREGATEN 20 A","lille øvregaten",20,"A","H0101","5018","Småhus",2973151,"Store sammenb. boligbygg på 3 og 4 etg.","Bolig","Bolig",5,4865477,0.49,c(-31604.57, 6734575.97)
"14",6400000,101587.301587302,16,2004,5,"C","Orange",2,155.39,"Tre",4,"Fritt salg","Frittliggende enebolig",1,"860.3",0,0,0,0,0,0,2,228,"0.0","228.0","0.0",0,1,1,63,3,1,1,1,0,1,"Underetasje","Kjøkken",1,"Tilkn. off. vannverk",1,"Offentlig kloakk",2020,"2020Q1",2020-03-23 01:00:00,"4601/172/171/NA",4601,172,171,"0",20786272,"GAMLE STEINSTØVEGEN 38","gamle steinstøvegen",38,NA,"H0101","5108","Småhus",2257217,"Enebolig m/hybel/sokkelleil.","Bolig","Bolig",10,6487882,14.44,c(-30400.17, 6748667.94)
"15",5700000,36305.7324840764,25,1996,4,"D","Red",1,230.63,"Tre",4,"Fritt salg","Rekkehus/kjede",1,"195.6",0,0,0,0,0,0,1,157,"0.0","157.0","0.0",0,1,1,157,3,1,1,1,0,2,"Hovedetasje","Kjøkken",1,"Tilkn. off. vannverk",1,"Offentlig kloakk",2021,"2021Q3",2021-08-10 02:00:00,"4601/35/470/NA",4601,35,470,"0",9556575,"SANDSLIBAKKEN 37","sandslibakken",37,NA,"H0101","5253","Småhus",976357,"Rekkehus","Bolig","Bolig",8,4818061,9.75,c(-35825.23, 6725338.63)
"16",5670000,21000,32,1988,3,"E","Orange",2,256.45,"Tre",4,"Fritt salg","Frittliggende enebolig",1,"544.2",0,0,0,0,0,0,1,270,"0.0","270.0","0.0",0,1,1,270,4,2,2,1,0,2,"Hovedetasje","Kjøkken",1,"Tilkn. off. vannverk",1,"Offentlig kloakk",2020,"2020Q2",2020-06-02 02:00:00,"4627/7/756/NA",4627,7,756,"0",9818154,"Holmedalshammaren 17","holmedalshammaren",17,NA,"H0101","5300","Småhus",2529915,"Enebolig","Bolig","Bolig",5,92549,6.1,c(-37624.86, 6736765.85)
"17",5990000,99833.3333333333,35,1987,3,"E","Orange",2,248.72,"Tre",4,"Fritt salg","Frittliggende enebolig",1,"737.9",0,0,0,0,0,0,2,269,"0.0","269.0","0.0",0,1,1,60,2,1,1,1,0,1,"Underetasje","Kjøkken",1,"Tilkn. off. vannverk",1,"Offentlig kloakk",2022,"2022Q1",2022-03-15 01:00:00,"4624/8/473/NA",4624,8,473,"0",9775668,"Lerkevegen 33","lerkevegen",33,NA,"H0101","5212","Småhus",288500,"Enebolig m/hybel/sokkelleil.","Bolig","Bolig",5,2319568,18.61,c(-27155.86, 6716368.39)
"18",5350000,41796.875,36,1986,4,"D","Orange",2,229.67,"Tre",4,"Fritt salg","Rekkehus/kjede",1,"212.6",0,0,0,0,0,0,1,132,"0.0","132.0","0.0",0,1,1,128,4,1,1,1,0,2,"Hovedetasje","Kjøkken",0,"Ikke Oppgitt",0,"Ikke Oppgitt",2022,"2022Q2",2022-06-22 02:00:00,"4601/185/572/NA",4601,185,572,"0",139879244,"Morvikbotn 80","morvikbotn",80,NA,"H0101","5122","Småhus",675669,"Rekkehus","Bolig","Bolig",7,4948355,8.71,c(-33186.97, 6742958)
"19",2000000,37735.8490566038,47,1973,2,"F","Orange",2,443.89,"Tre",4,"Fritt salg","Frittliggende enebolig",1,"743.1",0,0,0,0,0,0,1,46,"0.0","46.0","0.0",0,1,1,53,2,1,1,1,0,2,"Hovedetasje","Kjøkken",0,"Ikke Oppgitt",1,"Offentlig kloakk",2020,"2020Q3",2020-07-30 02:00:00,"4601/170/82/NA",4601,170,82,"0",139638492,"Høgstølen 32","høgstølen",32,NA,"H0101","5111","Småhus",2808158,"Enebolig","Bolig","Bolig",7,4903682,11.36,c(-26363.65, 6744165.49)
"20",4800000,24870.4663212435,13,2006,6,"B","Yellow",3,116.11,"Tre",4,"Fritt salg","Frittliggende enebolig",1,"821.7",0,0,0,0,0,0,1,193,"0.0","193.0","0.0",0,1,1,193,5,2,2,1,0,2,"Hovedetasje","Kjøkken",0,"Ikke Oppgitt",0,"Ikke Oppgitt",2019,"2019Q1",2019-01-21 01:00:00,"4601/198/83/NA",4601,198,83,"0",23610469,"SØRE TUFT 12","søre tuft",12,NA,"H0101","5109","Småhus",84684,"Enebolig","Bolig","Bolig",5,4833524,12.67,c(-28652.55, 6746538.65)
"21",4380000,33692.3076923077,19,2000,4,"D","Orange",2,192.97,"Tre",4,"Fritt salg","Rekkehus/kjede",1,"134.3",0,0,0,0,0,0,1,130,"0.0","130.0","0.0",0,1,1,130,5,2,2,1,0,2,"Hovedetasje","Kjøkken",1,"Tilkn. off. vannverk",1,"Offentlig kloakk",2019,"2019Q2",2019-06-19 02:00:00,"4601/35/638/NA",4601,35,638,"0",20742267,"Dolvikhaugene 38","dolvikhaugene",38,NA,"H0101","5252","Småhus",697826,"Rekkehus","Bolig","Bolig",13,4831416,9.62,c(-36184.93, 6725646.55)
"22",4000000,25000,37,1984,2,"F","Orange",2,270.72,"Tre",4,"Fritt salg","Rekkehus/kjede",1,"273.3",0,0,0,0,0,0,1,160,"0.0","160.0","0.0",0,1,1,160,4,2,2,1,0,2,"Hovedetasje","Kjøkken",0,"Ikke Oppgitt",0,"Ikke Oppgitt",2021,"2021Q2",2021-06-14 02:00:00,"4601/123/415/NA",4601,123,415,"0",139928997,"Gamle Kjøkkelvikveien 56","gamle kjøkkelvikveien",56,NA,"H0101","5178","Småhus",707070,"Rekkehus","Bolig","Bolig",8,4756793,5.77,c(-37567.26, 6732709.4)
"23",3010000,24672.131147541,8,2012,5,"C","Orange",2,135.82,"Tre",4,"Fritt salg","Tomannsbolig",1,"345.2",0,0,0,0,0,0,1,122,"0.0","122.0","93.0",0,1,1,122,4,2,3,1,0,2,"Hovedetasje","Kjøkken",1,"Tilkn. off. vannverk",1,"Offentlig kloakk",2020,"2020Q2",2020-04-07 02:00:00,"4626/10/208/NA",4626,10,208,"0",300339519,"Austegardsvegen 85","austegardsvegen",85,NA,"H0101","5357","Småhus",2320479,"Tomannsbolig, vertikaldelt","Bolig","Bolig",8,6236440,18.56,c(-49931.86, 6729414.34)
"24",3655000,30206.6115702479,17,2003,4,"D","Red",1,178.64,"Tre",4,"Fritt salg","Frittliggende enebolig",1,"775.9",0,0,0,0,0,0,1,121,"0.0","121.0","0.0",0,1,1,121,3,1,1,1,0,2,"Hovedetasje","Kjøkken",1,"Tilkn. off. vannverk",1,"Offentlig kloakk",2020,"2020Q3",2020-07-03 02:00:00,"4631/134/420/NA",4631,134,420,"0",19239586,"Vardane 113","vardane",113,NA,"H0101","5911","Småhus",2696542,"Enebolig","Bolig","Bolig",5,5836171,20.48,c(-34603.19, 6754639.1)
"25",3700000,26811.5942028986,35,1984,3,"E","Orange",2,233.82,"Tre",4,"Fritt salg","Rekkehus/kjede",1,"303.1",0,0,0,0,0,0,1,138,"0.0","138.0","0.0",0,1,1,138,5,1,1,1,0,2,"Hovedetasje","Kjøkken",0,"Ikke Oppgitt",0,"Ikke Oppgitt",2019,"2019Q3",2019-07-23 02:00:00,"4601/206/509/NA",4601,206,509,"0",139867963,"Træsgrenda 28","træsgrenda",28,NA,"H0101","5134","Småhus",853867,"Rekkehus","Bolig","Bolig",8,4947225,8.44,c(-28588.7, 6742033.3)
"26",6610000,50458.0152671756,30,1991,3,"E","Orange",2,212.2,"Tre",4,"Fritt salg","Rekkehus/kjede",1,"235.9",0,0,0,0,0,0,1,131,"0.0","131.0","0.0",0,1,1,131,4,1,1,1,0,2,"Hovedetasje","Kjøkken",1,"Tilkn. off. vannverk",1,"Offentlig kloakk",2021,"2021Q4",2021-12-20 01:00:00,"4601/35/400/NA",4601,35,400,"0",9512217,"Eldshovden 1 G","eldshovden",1,"G","H0101","5252","Småhus",1595729,"Rekkehus","Bolig","Bolig",8,4812059,10.12,c(-36066.44, 6725040.12)
"27",5625000,35377.358490566,19,2002,4,"D","Orange",2,166.97,"Tre",4,"Fritt salg","Rekkehus/kjede",1,"254.6",0,0,0,0,0,0,1,159,"0.0","159.0","0.0",0,1,1,159,4,1,1,1,0,2,"Hovedetasje","Kjøkken",1,"Tilkn. off. vannverk",1,"Offentlig kloakk",2021,"2021Q1",2021-02-08 01:00:00,"4601/37/349/NA",4601,37,349,"0",20753889,"Nordre Vardhaugen 70","nordre vardhaugen",70,NA,"H0101","5253","Småhus",158599,"Rekkehus","Bolig","Bolig",8,4825975,9.38,c(-35717.45, 6725698.24)
"28",3690000,19523.8095238095,13,2009,5,"C","Red",1,141.23,"Tre",4,"Fritt salg","Tomannsbolig",1,"413.2",0,0,0,0,0,0,1,189,"0.0","189.0","1.0",0,1,1,189,7,2,3,1,0,2,"Hovedetasje","Kjøkken",2,"Tilkn. privat vannverk",2,"Privat kloakk",2022,"2022Q1",2022-01-02 01:00:00,"4624/71/104/NA",4624,71,104,"0",25378083,"Berge 77 B","berge",77,"B","H0101","5211","Småhus",1077,"Tomannsbolig, vertikaldelt","Bolig","Bolig",7,2362082,23.56,c(-23709.46, 6712284.92)
"29",1200000,7185.62874251497,37,1983,3,"E","Yellow",3,225.47,"Tre",4,"Fritt salg","Frittliggende enebolig",1,"561.1",0,0,0,0,0,0,1,167,"0.0","167.0","0.0",0,1,1,167,4,1,2,1,0,2,"Hovedetasje","Kjøkken",2,"Tilkn. privat vannverk",2,"Privat kloakk",2020,"2020Q3",2020-07-17 02:00:00,"4628/39/60/NA",4628,39,60,"0",9837787,NA,"mystervegen",55,NA,NA,"5728","Småhus",2763263,"Enebolig","Bolig","Bolig",7,3138229,46.68,c(-126.61, 6768397.86)
"30",3350000,24632.3529411765,8,2011,6,"B","Red",1,110.22,"Tre",4,"Fritt salg","Tomannsbolig",1,"398.7",0,0,0,0,0,0,1,136,"0.0","136.0","92.0",0,1,1,136,5,1,2,1,0,2,"Hovedetasje","Kjøkken",1,"Tilkn. off. vannverk",1,"Offentlig kloakk",2019,"2019Q4",2019-10-03 02:00:00,"4624/44/582/NA",4624,44,582,"0",300037852,"Kvernhusrenen 1 I","kvernhusrenen",1,"I","H0101","5208","Småhus",1164117,"Tomannsbolig, vertikaldelt","Bolig","Bolig",7,4740077,28.45,c(-29855.62, 6705959.15)
"31",3300000,36263.7362637363,33,1987,3,"E","Orange",2,256.38,"Tre",4,"Fritt salg","Rekkehus/kjede",1,"149.2",0,0,0,0,0,0,1,91,"0.0","91.0","0.0",0,1,1,91,3,1,1,1,0,2,"Hovedetasje","Kjøkken",1,"Tilkn. off. vannverk",1,"Offentlig kloakk",2020,"2020Q2",2020-06-04 02:00:00,"4601/20/1202/NA",4601,20,1202,"0",9446168,"Tjørnhaugen 188","tjørnhaugen",188,NA,"H0101","5154","Småhus",2543284,"Rekkehus","Bolig","Bolig",4,4801562,6.59,c(-34186.11, 6728097.58)
"32",6450000,50390.625,11,2011,5,"C","Green",5,135.08,"Tre",4,"Fritt salg","Rekkehus/kjede",1,"168.3",0,0,0,0,0,0,1,128,"0.0","128.0","1.0",0,1,1,128,5,2,2,1,0,2,"Hovedetasje","Kjøkken",1,"Tilkn. off. vannverk",1,"Offentlig kloakk",2022,"2022Q1",2022-02-28 01:00:00,"4601/39/660/NA",4601,39,660,"0",25187164,"Vindharpevegen 46 A","vindharpevegen",46,"A","H0101","5237","Småhus",226033,"Rekkehus","Bolig","Bolig",6,4839330,10.34,c(-34608.42, 6724311.4)
"33",5250000,46460.1769911504,37,1985,2,"F","Orange",2,290.21,"Tre",4,"Fritt salg","Rekkehus/kjede",1,"168.5",0,0,0,0,0,0,1,113,"0.0","113.0","0.0",0,1,1,113,4,1,2,1,0,2,"Hovedetasje","Kjøkken",0,"Ikke Oppgitt",0,"Ikke Oppgitt",2022,"2022Q3",2022-08-16 02:00:00,"4601/20/1118/NA",4601,20,1118,"0",139870948,"Tjørnhaugen 195","tjørnhaugen",195,NA,"H0101","5154","Småhus",895417,"Rekkehus","Bolig","Bolig",4,4947460,6.64,c(-34172.86, 6728039.06)
"34",3350000,19590.6432748538,37,1984,2,"F","Orange",2,290.57,"Tre",4,"Fritt salg","Frittliggende enebolig",2,"1038.0",0,0,0,0,0,0,1,171,"0.0","171.0","0.0",0,1,1,171,4,1,2,1,0,2,"Hovedetasje","Kjøkken",1,"Tilkn. off. vannverk",2,"Privat kloakk",2021,"2021Q2",2021-04-13 02:00:00,"4627/21/457/NA",4627,21,457,"0",9807942,"Breivikvegen 107","breivikvegen",107,NA,NA,"5310","Småhus",421895,"Enebolig","Bolig","Bolig",5,86009,15.92,c(-44289.89, 6744474.35)
"35",2400000,22018.3486238532,10,2010,5,"C","Orange",2,135.99,"Tre",4,"Fritt salg","Tomannsbolig",1,"573.1",0,0,0,0,0,0,1,109,"0.0","109.0","0.0",0,1,1,109,4,2,2,1,0,2,"Hovedetasje","Kjøkken",0,"Ikke Oppgitt",0,"Ikke Oppgitt",2020,"2020Q1",2020-02-04 01:00:00,"4626/52/316/NA",4626,52,316,"0",24182339,"Haganesbrekko 23","haganesbrekko",23,NA,"H0101","5357","Småhus",2066963,"Tomannsbolig, vertikaldelt","Bolig","Bolig",5,368283,17.34,c(-45547.33, 6723463.94)
"36",1200000,20000,52,1970,3,"E","Orange",2,212.13,"Tre",4,"Fritt salg","Frittliggende enebolig",1,"1132.5",0,0,0,0,0,0,2,233,"0.0","233.0","189.0",0,1,1,60,3,1,1,1,0,1,"Underetasje","Ikke Oppgitt",1,"Tilkn. off. vannverk",1,"Offentlig kloakk",2022,"2022Q4",2022-10-13 02:00:00,"4601/182/276/NA",4601,182,276,"0",139646142,"Lokketodalen 33","lokketodalen",33,NA,NA,"5136","Småhus",1158120,"Enebolig m/hybel/sokkelleil.","Bolig","Bolig",7,4904341,10.58,c(-33963.15, 6744729.46)
"37",9100000,23575.1295336788,33,1986,3,"E","Orange",2,219.54,"Tre",4,"Fritt salg","Frittliggende enebolig",1,"1527.0",1,0,0,0,0,0,1,386,"0.0","386.0","0.0",0,1,1,386,7,3,3,1,0,2,"Hovedetasje","Kjøkken",1,"Tilkn. off. vannverk",1,"Offentlig kloakk",2019,"2019Q4",2019-12-17 01:00:00,"4601/160/786/NA",4601,160,786,"0",9442324,"Nordrehaug 7","nordrehaug",7,NA,"H0101","5089","Småhus",1512811,"Enebolig","Bolig","Bolig",5,4787675,4.58,c(-30266.4, 6730100.19)
"38",4560000,30810.8108108108,55,1965,1,"G","Orange",2,322.41,"Tre",4,"Fritt salg","Rekkehus/kjede",1,"675.5",0,0,0,0,0,0,1,148,"0.0","148.0","59.0",0,1,1,148,7,1,2,1,0,2,"Hovedetasje","Kjøkken",1,"Tilkn. off. vannverk",1,"Offentlig kloakk",2020,"2020Q3",2020-08-18 02:00:00,"4601/10/331/NA",4601,10,331,"0",139388240,"Søre Renen 61","søre renen",61,NA,"H0101","5099","Småhus",2885591,"Rekkehus","Bolig","Bolig",8,4880779,6.45,c(-30171.37, 6728145.53)
"39",6500000,32663.3165829146,38,1983,2,"F","Orange",2,246.3,"Tre",4,"Fritt salg","Rekkehus/kjede",1,"305.5",0,0,0,0,0,0,1,199,"0.0","199.0","0.0",0,1,1,199,4,2,2,1,0,2,"Hovedetasje","Kjøkken",0,"Ikke Oppgitt",0,"Ikke Oppgitt",2021,"2021Q3",2021-08-16 02:00:00,"4601/121/590/NA",4601,121,590,"0",139898567,"Nordåshøgda 64","nordåshøgda",64,NA,NA,"5235","Småhus",999018,"Rekkehus","Bolig","Bolig",5,4950290,9.81,c(-33951.95, 6724703.21)
"40",4750000,33928.5714285714,19,2000,5,"C","Yellow",3,155.49,"Tre",4,"Fritt salg","Frittliggende enebolig",1,"523.2",0,0,0,0,0,0,1,140,"0.0","140.0","0.0",0,1,1,140,5,2,2,1,0,2,"Hovedetasje","Kjøkken",1,"Tilkn. off. vannverk",1,"Offentlig kloakk",2019,"2019Q2",2019-06-05 02:00:00,"4627/10/561/NA",4627,10,561,"0",19719499,"Lyngmarka 8","lyngmarka",8,NA,"H0101","5302","Småhus",634000,"Enebolig","Bolig","Bolig",6,681154,7.89,c(-39467.56, 6736959.03)
"41",7905000,68739.1304347826,72,1949,1,"G","Orange",2,355.03,"Tre",4,"Fritt salg","Tomannsbolig",1,"469.8",0,0,0,0,0,0,2,289,"0.0","289.0","0.0",0,2,1,115,3,1,1,1,0,2,"Hovedetasje","Kjøkken",1,"Tilkn. off. vannverk",1,"Offentlig kloakk",2021,"2021Q4",2021-10-12 02:00:00,"4601/160/11/NA",4601,160,11,"0",139229835,"Langhaugen 3","langhaugen",3,NA,"H0101","5093","Småhus",1269685,"Tomannsbolig, horisontaldelt","Bolig","Bolig",8,4847320,3.69,c(-30190.97, 6731124.51)
"42",9300000,36470.5882352941,36,1985,3,"E","Yellow",3,222.98,"Tre",4,"Fritt salg","Frittliggende enebolig",1,"617.7",0,0,0,0,0,0,1,255,"0.0","255.0","0.0",0,1,1,255,8,2,3,1,0,2,"Hovedetasje","Kjøkken",1,"Tilkn. off. vannverk",1,"Offentlig kloakk",2021,"2021Q3",2021-08-16 02:00:00,"4601/88/97/NA",4601,88,97,"0",9433007,"Nøttveitlia 29","nøttveitlia",29,NA,"H0101","5238","Småhus",999211,"Enebolig","Bolig","Bolig",9,4799877,11.13,c(-32430.7, 6723205.28)
"43",6890000,47517.2413793103,11,2011,6,"B","Orange",2,129.73,"Tre",4,"Fritt salg","Rekkehus/kjede",1,"314.9",0,0,0,0,0,0,1,145,"0.0","145.0","76.0",0,1,1,145,4,1,1,1,0,2,"Hovedetasje","Kjøkken",1,"Tilkn. off. vannverk",1,"Offentlig kloakk",2022,"2022Q3",2022-08-08 02:00:00,"4601/37/429/NA",4601,37,429,"0",300081963,"Grunnane 128","grunnane",128,NA,"H0101","5251","Småhus",867277,"Rekkehus","Bolig","Bolig",7,5775867,9.56,c(-35438.25, 6725387.42)
"44",7490000,101216.216216216,23,1997,4,"D","Orange",2,179.31,"Tre",4,"Fritt salg","Frittliggende enebolig",1,"321.7",0,0,0,0,0,0,2,197,"0.0","197.0","0.0",0,1,1,74,3,1,1,1,0,1,"Underetasje","Kjøkken",1,"Tilkn. off. vannverk",1,"Offentlig kloakk",2020,"2020Q1",2020-02-24 01:00:00,"4601/35/525/NA",4601,35,525,"0",9571477,"Sandslibakken 115","sandslibakken",115,NA,NA,"5253","Småhus",2146345,"Enebolig m/hybel/sokkelleil.","Bolig","Bolig",6,4819425,9.88,c(-36024.97, 6725291.2)
"45",4525000,35077.519379845,22,1997,3,"E","Orange",2,214.86,"Tre",4,"Fritt salg","Rekkehus/kjede",1,"192.8",0,0,0,0,0,0,1,129,"0.0","129.0","79.0",0,1,1,129,4,1,2,1,0,2,"Hovedetasje","Kjøkken",1,"Tilkn. off. vannverk",1,"Offentlig kloakk",2019,"2019Q2",2019-05-09 02:00:00,"4601/20/1660/NA",4601,20,1660,"0",9570454,"Gullstølsbotn 29","gullstølsbotn",29,NA,"H0101","5153","Småhus",528926,"Rekkehus","Bolig","Bolig",9,4819330,6.54,c(-33794.9, 6728026.63)
"46",3945000,34304.347826087,64,1957,1,"G","Lightgreen",4,419.64,"Tre",4,"Fritt salg","Frittliggende enebolig",1,"1546.8",1,0,0,0,0,0,1,115,"0.0","115.0","0.0",0,1,1,115,6,2,2,1,0,2,"Hovedetasje","Kjøkken",2,"Tilkn. privat vannverk",2,"Privat kloakk",2021,"2021Q3",2021-08-11 02:00:00,"4601/5/62/NA",4601,5,62,"0",172956505,"Erdalsvegen 14","erdalsvegen",14,NA,"H0101","5226","Småhus",982565,"Enebolig","Bolig","Bolig",11,4955191,7.04,c(-27660.4, 6728806.14)
"47",4600000,25842.6966292135,33,1988,3,"E","Orange",2,231.12,"Tre",4,"Fritt salg","Frittliggende enebolig",1,"857.6",0,0,0,0,0,0,1,178,"0.0","178.0","35.0",0,1,1,178,5,2,2,1,0,2,"Hovedetasje","Kjøkken",1,"Tilkn. off. vannverk",1,"Offentlig kloakk",2021,"2021Q3",2021-08-05 02:00:00,"4624/8/469/NA",4624,8,469,"0",12319932,"Stallen 21","stallen",21,NA,"H0101","5212","Småhus",957050,"Enebolig","Bolig","Bolig",5,7219640,18.12,c(-28044.5, 6716645.8)
"48",6990000,53769.2307692308,29,1993,3,"E","Orange",2,229.65,"Tre",4,"Fritt salg","Frittliggende enebolig",1,"429.0",0,0,0,0,0,0,1,154,"0.0","154.0","0.0",0,1,1,130,5,2,2,1,0,2,"Hovedetasje","Kjøkken",1,"Tilkn. off. vannverk",1,"Offentlig kloakk",2022,"2022Q3",2022-07-11 02:00:00,"4601/10/696/NA",4601,10,696,"0",9493468,"Nattlandsrinden 171","nattlandsrinden",171,NA,NA,"5098","Småhus",766928,"Enebolig","Bolig","Bolig",9,4808648,5.73,c(-29710.5, 6729086.72)
"49",3930000,29328.3582089552,6,2015,6,"B","Red",1,125.38,"Tre",4,"Fritt salg","Rekkehus/kjede",1,"221.1",0,0,0,0,0,0,1,134,"0.0","134.0","107.0",0,1,1,134,5,1,2,1,0,2,"Hovedetasje","Kjøkken",1,"Tilkn. off. vannverk",2,"Privat kloakk",2021,"2021Q2",2021-06-04 02:00:00,"4626/51/382/NA",4626,51,382,"0",300509960,"Hellemyrvegen 48","helletoppen",48,NA,NA,"5177","Småhus",668313,"Rekkehus","Bolig","Bolig",6,6551002,11.65,c(-41195.57, 6727130.66)
"50",6010000,43550.7246376812,22,1998,5,"C","Red",1,150.94,"Tre",4,"Fritt salg","Tomannsbolig",1,"309.3",0,0,0,0,0,0,1,138,"0.0","138.0","0.0",0,1,1,138,4,2,2,1,0,2,"Hovedetasje","Kjøkken",1,"Tilkn. off. vannverk",1,"Offentlig kloakk",2020,"2020Q2",2020-06-04 02:00:00,"4601/43/979/NA",4601,43,979,"0",9580395,"Kjenndalstoppen 49","kjenndalstoppen",49,NA,"H0101","5225","Småhus",2539830,"Tomannsbolig, vertikaldelt","Bolig","Bolig",7,4768344,7.22,c(-29633.9, 6727509)
"51",3780000,23625,31,1988,3,"E","Orange",2,221.83,"Tre",4,"Fritt salg","Frittliggende enebolig",1,"785.3",0,0,0,0,0,0,1,196,"0.0","196.0","160.0",0,1,1,160,5,2,2,1,0,2,"Hovedetasje","Kjøkken",1,"Tilkn. off. vannverk",1,"Offentlig kloakk",2019,"2019Q1",2019-03-20 01:00:00,"4627/14/260/NA",4627,14,260,"0",9818553,"Vinkelfjellet 22","vinkelfjellet",22,NA,NA,"5308","Småhus",336543,"Enebolig","Bolig","Bolig",5,92678,9.07,c(-39208.79, 6739862.94)
"52",6600000,42307.6923076923,31,1989,3,"E","Orange",2,237.22,"Tre",4,"Fritt salg","Uoppgitt",1,"179.8",0,0,0,0,0,0,1,159,"0.0","159.0","0.0",0,1,1,156,5,1,2,1,0,2,"Hovedetasje","Kjøkken",0,"Ikke Oppgitt",0,"Ikke Oppgitt",2020,"2020Q3",2020-07-14 02:00:00,"4601/10/674/NA",4601,10,674,"0",139873823,"Nattlandsrinden 127","nattlandsrinden",127,NA,"H0101","5098","Småhus",2744872,"Tomannsbolig, vertikaldelt","Bolig","Bolig",7,4947776,5.73,c(-29856.66, 6729024.71)
"53",3525000,22452.2292993631,31,1989,4,"D","Yellow",3,178.91,"Tre",4,"Fritt salg","Tomannsbolig",1,"404.5",0,0,0,0,0,0,2,315,"0.0","315.0","0.0",0,1,1,157,5,1,2,1,0,2,"Hovedetasje","Kjøkken",1,"Tilkn. off. vannverk",1,"Offentlig kloakk",2020,"2020Q1",2020-01-06 01:00:00,"4626/39/466/NA",4626,39,466,"0",12191944,"Nordre Knappen 71 A","nordre knappen",71,"A","H0101","5355","Småhus",1948401,"Tomannsbolig, vertikaldelt","Bolig","Bolig",6,330157,9.58,c(-41566.75, 6735227.18)
"54",7550000,39736.8421052632,13,2006,4,"D","Green",5,161.56,"Tre",4,"Fritt salg","Frittliggende enebolig",1,"1704.0",0,0,0,0,0,0,2,274,"0.0","274.0","0.0",0,1,1,190,5,2,2,1,0,2,"Hovedetasje","Kjøkken",1,"Tilkn. off. vannverk",1,"Offentlig kloakk",2019,"2019Q2",2019-05-03 02:00:00,"4601/175/49/NA",4601,175,49,"0",23665298,"Hordvikneset 108 A","hordvikneset",108,"A","H0101","5108","Småhus",503098,"Tomannsbolig, vertikaldelt","Bolig","Bolig",5,7094646,14.32,c(-30976.72, 6748609.2)
"55",4020000,21729.7297297297,38,1981,2,"F","Orange",2,281.86,"Tre",4,"Fritt salg","Frittliggende enebolig",1,"990.3",0,0,0,0,0,0,1,185,"0.0","185.0","0.0",0,1,1,185,5,1,1,1,0,2,"Hovedetasje","Kjøkken",1,"Tilkn. off. vannverk",1,"Offentlig kloakk",2019,"2019Q3",2019-08-14 02:00:00,"4624/59/43/NA",4624,59,43,"0",12531699,"Nordmarka 78","nordmarka",78,NA,"H0101","5211","Småhus",937769,"Enebolig","Bolig","Bolig",8,2336930,22.88,c(-26953.65, 6712018.25)
"56",4900000,28000,16,2004,5,"C","Yellow",3,139.51,"Tre",4,"Fritt salg","Frittliggende enebolig",1,"896.6",0,0,0,0,0,0,1,175,"0.0","175.0","0.0",0,1,1,175,5,2,2,1,0,2,"Hovedetasje","Kjøkken",1,"Tilkn. off. vannverk",1,"Offentlig kloakk",2020,"2020Q1",2020-02-11 01:00:00,"4601/209/668/NA",4601,209,668,"0",23568144,"Glasskaret 45","glasskaret",45,NA,"H0101","5106","Småhus",2095171,"Enebolig","Bolig","Bolig",5,4830945,5.87,c(-30870.07, 6740079.9)
"57",4750000,81896.5517241379,7,2012,6,"B","Red",1,116.83,"Tre",4,"Fritt salg","Frittliggende enebolig",1,"542.3",0,0,0,0,0,0,2,158,"0.0","158.0","107.0",0,1,1,58,2,1,1,1,0,1,"Underetasje","Kjøkken",1,"Tilkn. off. vannverk",1,"Offentlig kloakk",2019,"2019Q4",2019-10-30 01:00:00,"4601/176/279/NA",4601,176,279,"0",300210369,"Olderkjerret 135","olderkjerret",135,NA,"U0101","5108","Småhus",1288032,"Enebolig","Bolig","Bolig",6,6014602,13.63,c(-31553.82, 6747946.88)
"58",6000000,20202.0202020202,5,2014,6,"B","Red",1,113.05,"Tre",4,"Fritt salg","Frittliggende enebolig",1,"812.0",0,0,0,0,0,0,1,297,"0.0","297.0","192.0",0,1,1,297,7,2,3,1,0,2,"Hovedetasje","Kjøkken",1,"Tilkn. off. vannverk",1,"Offentlig kloakk",2019,"2019Q4",2019-11-01 01:00:00,"4626/23/352/NA",4626,23,352,"0",300420613,"Vestre Angeltveit 8","vestre angeltveit",8,NA,NA,"5363","Småhus",1300027,"Enebolig","Bolig","Bolig",6,6379693,19.15,c(-50611.2, 6738948.28)
"59",5450000,28092.7835051546,24,1995,3,"E","Orange",2,207.82,"Tre",4,"Fritt salg","Frittliggende enebolig",1,"691.0",0,0,0,0,0,0,1,194,"0.0","194.0","0.0",0,1,1,194,5,2,2,1,0,2,"Hovedetasje","Kjøkken",1,"Tilkn. off. vannverk",1,"Offentlig kloakk",2019,"2019Q2",2019-05-07 02:00:00,"4601/142/85/NA",4601,142,85,"0",9545069,"Olsvikskrenten 20","olsvikskrenten",20,NA,"H0101","5184","Småhus",517657,"Enebolig","Bolig","Bolig",5,4816807,6.39,c(-38418.33, 6734099.65)
"60",5850000,43014.7058823529,10,2009,5,"C","Red",1,145.95,"Tre",4,"Fritt salg","Rekkehus/kjede",1,"165.0",0,0,0,0,0,0,1,136,"0.0","136.0","0.0",0,1,1,136,4,2,2,1,0,2,"Hovedetasje","Kjøkken",1,"Tilkn. off. vannverk",1,"Offentlig kloakk",2019,"2019Q2",2019-06-05 02:00:00,"4601/7/281/NA",4601,7,281,"0",25598539,"Øvre Sædalsvegen 42","øvre sædalsvegen",42,NA,"H0101","5099","Småhus",637074,"Rekkehus","Bolig","Bolig",9,4771809,6.14,c(-29630.57, 6728670.11)
"61",4100000,35964.9122807018,34,1985,3,"E","Yellow",3,246.19,"Tre",4,"Fritt salg","Rekkehus/kjede",1,"199.1",0,0,0,0,0,0,1,114,"0.0","114.0","0.0",0,1,1,114,4,1,2,1,0,2,"Hovedetasje","Kjøkken",0,"Ikke Oppgitt",0,"Ikke Oppgitt",2019,"2019Q2",2019-05-10 02:00:00,"4601/20/1137/NA",4601,20,1137,"0",139871022,"Bønesskogen 270","bønesskogen",270,NA,"H0101","5154","Småhus",533005,"Rekkehus","Bolig","Bolig",10,4947468,6.54,c(-34182.21, 6728145.19)
"62",7600000,176744.186046512,10,2009,5,"C","Green",5,143.95,"Mur/tegl",2,"Fritt salg","Frittliggende enebolig",1,"2558.5",1,0,0,0,0,0,2,442,"0.0","442.0","314.0",0,1,1,43,2,1,1,1,0,1,"Underetasje","Kjøkken",1,"Tilkn. off. vannverk",0,"Ikke Oppgitt",2019,"2019Q2",2019-05-07 02:00:00,"4627/4/1142/NA",4627,4,1142,"0",22992686,"Øvre Skogvegen 36","øvre skogvegen",36,NA,NA,"5306","Småhus",518537,"Enebolig m/hybel/sokkelleil.","Bolig","Bolig",4,6938816,8.59,c(-36679.78, 6741551.08)
"63",2200000,15277.7777777778,19,2000,5,"C","Yellow",3,145.69,"Tre",4,"Fritt salg","Frittliggende enebolig",1,"1318.6",0,0,0,0,0,0,1,144,"0.0","144.0","0.0",0,1,1,144,5,2,2,1,0,2,"Hovedetasje","Kjøkken",2,"Tilkn. privat vannverk",2,"Privat kloakk",2019,"2019Q2",2019-06-28 02:00:00,"4631/11/108/NA",4631,11,108,"0",19235777,"Hosøyvegen 179","hosøyvegen",179,NA,"H0101","5993","Småhus",745905,"Enebolig","Bolig","Bolig",4,2204248,33.35,c(-24375.65, 6766787.97)
"64",8125000,43918.9189189189,16,2003,5,"C","Red",1,148.64,"Tre",4,"Fritt salg","Frittliggende enebolig",1,"847.4",0,0,0,0,0,0,1,185,"0.0","185.0","89.0",0,1,1,185,4,2,2,1,0,2,"Hovedetasje","Kjøkken",0,"Ikke Oppgitt",1,"Offentlig kloakk",2019,"2019Q2",2019-06-04 02:00:00,"4601/209/642/NA",4601,209,642,"0",20780339,"Glasskaråsen 70","glasskaråsen",70,NA,"H0101","5106","Småhus",629133,"Enebolig","Bolig","Bolig",4,4829309,6.16,c(-30998.42, 6740395.7)
"65",4850000,30503.144654088,4,2015,5,"C","Orange",2,131.14,"Tre",4,"Fritt salg","Frittliggende enebolig",1,"937.7",0,0,0,0,0,0,1,159,"0.0","159.0","118.0",0,1,1,159,4,2,2,1,0,2,"Hovedetasje","Kjøkken",1,"Tilkn. off. vannverk",1,"Offentlig kloakk",2019,"2019Q2",2019-04-02 02:00:00,"4627/29/320/NA",4627,29,320,"0",300501551,"Vestheim 107","vestheim",107,NA,NA,"5314","Småhus",389432,"Enebolig","Bolig","Bolig",7,6565278,18.88,c(-43701.39, 6749159.84)
"66",4225000,18290.0432900433,32,1987,3,"E","Yellow",3,197.56,"Tre",4,"Fritt salg","Frittliggende enebolig",1,"1250.0",0,0,0,0,0,0,1,231,"0.0","231.0","0.0",0,1,1,231,4,1,2,1,0,2,"Hovedetasje","Kjøkken",3,"Privat innlagt",2,"Privat kloakk",2019,"2019Q1",2019-03-20 01:00:00,"4624/14/27/NA",4624,14,27,"0",9770488,"Sperrevikvegen 14","sperrevikvegen",14,NA,"H0101","5215","Småhus",336267,"Enebolig","Bolig","Bolig",7,2317069,19.57,c(-31571.89, 6714759.99)
"67",2875000,21296.2962962963,14,2005,4,"D","Orange",2,172.54,"Tre",4,"Fritt salg","Tomannsbolig",1,"964.2",0,0,0,0,0,0,1,135,"0.0","135.0","0.0",0,1,1,135,4,1,1,1,0,2,"Hovedetasje","Kjøkken",1,"Tilkn. off. vannverk",1,"Offentlig kloakk",2019,"2019Q4",2019-10-01 02:00:00,"4626/21/124/NA",4626,21,124,"0",22583646,"Tunfjellvegen 17","tunfjellvegen",17,NA,"H0101","5363","Småhus",1149197,"Tomannsbolig, vertikaldelt","Bolig","Bolig",11,364555,18.13,c(-50007.12, 6736667.49)
"68",5990000,47920,20,1999,4,"D","Orange",2,184.07,"Tre",4,"Fritt salg","Frittliggende enebolig",1,"345.5",0,0,0,0,0,0,1,149,"0.0","149.0","0.0",0,1,1,125,4,1,2,1,0,2,"Hovedetasje","Kjøkken",1,"Tilkn. off. vannverk",1,"Offentlig kloakk",2019,"2019Q1",2019-03-22 01:00:00,"4601/37/274/NA",4601,37,274,"0",20741104,"Østre Nordeidbrekka 19","østre nordeidbrekka",19,NA,NA,"5252","Småhus",347309,"Enebolig","Bolig","Bolig",3,4824444,9.26,c(-35591.7, 6725779.74)
"69",3150000,26033.0578512397,1,2018,5,"C","Orange",2,135.26,"Tre",4,"Fritt salg","Frittliggende enebolig",1,"866.9",0,0,0,0,0,0,1,121,"0.0","121.0","101.0",0,1,1,121,9,3,3,1,0,2,"Hovedetasje","Kjøkken",1,"Tilkn. off. vannverk",1,"Offentlig kloakk",2019,"2019Q2",2019-06-05 02:00:00,"4626/20/314/NA",4626,20,314,"0",300590044,"Midtfjellet 66","midtfjellet",66,NA,"H0101","5363","Småhus",633756,"Enebolig","Bolig","Bolig",5,7138060,18.41,c(-50442.78, 6734430.59)
"70",5075000,23938.679245283,28,1991,4,"D","Yellow",3,182.97,"Tre",4,"Fritt salg","Frittliggende enebolig",1,"672.1",0,0,0,0,0,0,1,212,"0.0","212.0","0.0",0,1,1,212,4,2,2,1,0,2,"Hovedetasje","Kjøkken",1,"Tilkn. off. vannverk",1,"Offentlig kloakk",2019,"2019Q2",2019-05-06 02:00:00,"4601/143/779/NA",4601,143,779,"0",9517219,"Øvre Krabbedalen 6","øvre krabbedalen",6,NA,"H0101","5178","Småhus",506381,"Enebolig","Bolig","Bolig",15,4812946,5.56,c(-37569.87, 6733845.29)
"71",4725000,34239.1304347826,19,2000,5,"C","Orange",2,161.12,"Tre",4,"Fritt salg","Rekkehus/kjede",1,"151.8",0,0,0,0,0,0,1,138,"0.0","138.0","0.0",0,1,1,138,5,2,2,1,0,2,"Hovedetasje","Kjøkken",1,"Tilkn. off. vannverk",1,"Offentlig kloakk",2019,"2019Q1",2019-03-21 01:00:00,"4601/35/606/NA",4601,35,606,"0",20745215,"Dolvikhaugene 23","dolvikhaugene",23,NA,"H0101","5252","Småhus",342441,"Rekkehus","Bolig","Bolig",7,4825035,9.59,c(-36063.89, 6725619.93)
"72",3800000,35849.0566037736,4,2015,6,"B","Orange",2,131.23,"Tre",4,"Fritt salg","Rekkehus/kjede",1,"399.4",0,0,0,0,0,0,1,106,"0.0","106.0","86.0",0,1,1,106,4,2,2,1,0,2,"Hovedetasje","Kjøkken",1,"Tilkn. off. vannverk",1,"Offentlig kloakk",2019,"2019Q2",2019-04-03 02:00:00,"4601/170/366/NA",4601,170,366,"0",300422309,"Litlaskarstien 11","litlaskarstien",11,NA,NA,"5111","Småhus",394332,"Rekkehus","Bolig","Bolig",5,6382885,11.52,c(-26987.21, 6744677.1)
"73",5600000,23829.7872340426,14,2005,5,"C","Yellow",3,138.75,"Tre",4,"Fritt salg","Frittliggende enebolig",1,"997.6",0,0,0,0,0,0,1,235,"0.0","235.0","0.0",0,1,1,235,4,1,2,1,0,2,"Hovedetasje","Kjøkken",1,"Tilkn. off. vannverk",1,"Offentlig kloakk",2019,"2019Q3",2019-07-04 02:00:00,"4624/44/536/NA",4624,44,536,"0",21719560,"Halhjemsmarka 270","halhjemsmarka",270,NA,"H0101","5208","Småhus",776312,"Enebolig","Bolig","Bolig",7,6085406,28.86,c(-29723.77, 6705552.57)
"74",3410000,26850.3937007874,17,2002,4,"D","Orange",2,190.51,"Tre",4,"Fritt salg","Tomannsbolig",1,"463.4",0,0,0,0,0,0,1,127,"0.0","127.0","97.0",0,1,1,127,5,2,2,1,0,2,"Hovedetasje","Kjøkken",1,"Tilkn. off. vannverk",0,"Ikke Oppgitt",2019,"2019Q3",2019-07-11 02:00:00,"4631/1/369/NA",4631,1,369,"0",21166855,"Høgdene 6","høgdene",6,NA,"H0101","5918","Småhus",810624,"Tomannsbolig, vertikaldelt","Bolig","Bolig",7,1289915,16.21,c(-32709.41, 6750519.35)
"75",5400000,37241.3793103448,16,2003,4,"D","Orange",2,165.53,"Tre",4,"Fritt salg","Frittliggende enebolig",1,"243.3",0,0,0,0,0,0,1,145,"0.0","145.0","0.0",0,1,1,145,4,1,1,1,0,2,"Hovedetasje","Kjøkken",1,"Tilkn. off. vannverk",1,"Offentlig kloakk",2019,"2019Q2",2019-05-08 02:00:00,"4601/7/229/NA",4601,7,229,"0",20783591,"Sædalssvingene 54","sædalssvingene",54,NA,"H0101","5099","Småhus",524428,"Enebolig","Bolig","Bolig",5,4829555,6.28,c(-28963.84, 6728849.14)
"76",6300000,46666.6666666667,66,1954,1,"G","Yellow",3,317.89,"Betong",1,"Fritt salg","Rekkehus/kjede",1,"317.5",0,0,0,0,0,0,1,135,"0.0","135.0","52.0",0,1,1,135,4,1,1,1,0,2,"Hovedetasje","Kjøkken",1,"Tilkn. off. vannverk",1,"Offentlig kloakk",2020,"2020Q1",2020-03-04 01:00:00,"4601/161/242/NA",4601,161,242,"0",139243323,"Sollien 60 A","sollien",60,"A","H0101","5096","Småhus",2183776,"Rekkehus","Bolig","Bolig",7,4850422,3.63,c(-29809.69, 6731450.24)
"77",4850000,32550.3355704698,0,2020,5,"C","Orange",2,142.55,"Tre",4,"Fritt salg","Frittliggende enebolig",1,"1456.3",0,0,0,0,0,0,1,149,"0.0","149.0","161.0",0,1,1,149,5,2,2,1,0,2,"Hovedetasje","Kjøkken",1,"Tilkn. off. vannverk",1,"Offentlig kloakk",2020,"2020Q1",2020-03-16 01:00:00,"4627/18/625/NA",4627,18,625,"0",300732425,"Friluftsvegen 43 D","friluftsvegen",43,"D","H0101","5310","Småhus",2234366,"Enebolig","Bolig","Bolig",9,6992944,13.83,c(-42859.34, 6742925.97)
"78",3850000,28518.5185185185,17,2003,4,"D","Orange",2,179.04,"Tre",4,"Fritt salg","Tomannsbolig",1,"402.7",0,0,0,0,0,0,1,135,"0.0","135.0","0.0",0,1,1,135,5,2,2,1,0,2,"Hovedetasje","Kjøkken",1,"Tilkn. off. vannverk",1,"Offentlig kloakk",2020,"2020Q2",2020-05-06 02:00:00,"4627/10/581/NA",4627,10,581,"0",19722716,"Lyngmarka 47 A","lyngmarka",47,"A","H0101","5302","Småhus",2418026,"Tomannsbolig, vertikaldelt","Bolig","Bolig",5,138461,7.99,c(-39509.19, 6737124.52)
"79",2850000,23360.6557377049,31,1989,4,"D","Yellow",3,197.73,"Tre",4,"Fritt salg","Frittliggende enebolig",1,"799.1",0,0,0,0,0,0,1,122,"0.0","122.0","0.0",0,1,1,122,5,1,1,1,0,2,"Hovedetasje","Kjøkken",1,"Tilkn. off. vannverk",2,"Privat kloakk",2020,"2020Q3",2020-07-01 02:00:00,"4626/234/203/NA",4626,234,203,"0",9859624,"Knappestigen 8","knappestigen",8,NA,"H0101","5337","Småhus",2679300,"Enebolig","Bolig","Bolig",11,1362367,21.59,c(-50710.48, 6745151.88)
"80",6500000,30952.380952381,13,2007,5,"C","Orange",2,139.63,"Tre",4,"Fritt salg","Frittliggende enebolig",1,"1916.3",0,0,0,0,0,0,1,210,"0.0","210.0","0.0",0,1,1,210,5,3,3,1,0,2,"Hovedetasje","Kjøkken",1,"Tilkn. off. vannverk",0,"Ikke Oppgitt",2020,"2020Q3",2020-07-17 02:00:00,"4631/322/30/NA",4631,322,30,"0",21172510,"Juviknipa 7","juviknipa",7,NA,"H0101","5918","Småhus",2761343,"Enebolig","Bolig","Bolig",3,1294092,14.17,c(-35501.21, 6748064.08)
"81",4900000,35251.7985611511,36,1984,3,"E","Yellow",3,235.71,"Tre",4,"Fritt salg","Rekkehus/kjede",1,"328.8",0,0,0,0,0,0,1,136,"0.0","136.0","0.0",0,1,1,139,4,1,2,1,0,2,"Hovedetasje","Kjøkken",0,"Ikke Oppgitt",0,"Ikke Oppgitt",2020,"2020Q2",2020-04-03 02:00:00,"4601/121/727/NA",4601,121,727,"0",139898826,"Nordåsvegen 225","nordåsvegen",225,NA,"H0101","5235","Småhus",2304616,"Rekkehus","Bolig","Bolig",6,4950313,9.95,c(-34310.62, 6724641.93)
"82",4150000,20048.309178744,30,1990,4,"D","Orange",2,170.61,"Mur/tegl",2,"Fritt salg","Frittliggende enebolig",1,"467.5",0,0,0,0,0,0,1,207,"0.0","207.0","0.0",0,1,1,207,5,2,2,1,0,2,"Hovedetasje","Kjøkken",2,"Tilkn. privat vannverk",2,"Privat kloakk",2020,"2020Q3",2020-08-04 02:00:00,"4626/39/492/NA",4626,39,492,"0",12193009,"Rennedalsvegen 19","rennedalsvegen",19,NA,"H0101","5355","Småhus",2827236,"Enebolig","Bolig","Bolig",3,331213,9.35,c(-41362.46, 6733780.39)
"83",5340000,28404.2553191489,31,1989,4,"D","Yellow",3,185.15,"Tre",4,"Fritt salg","Tomannsbolig",1,"314.6",0,0,0,0,0,0,1,161,"0.0","161.0","0.0",0,1,1,188,5,1,2,1,0,2,"Hovedetasje","Kjøkken",0,"Ikke Oppgitt",0,"Ikke Oppgitt",2020,"2020Q1",2020-02-05 01:00:00,"4601/27/145/NA",4601,27,145,"0",20749954,"Klauvsteinen 33","klauvsteinen",33,NA,"H0101","5146","Småhus",2071471,"Tomannsbolig, vertikaldelt","Bolig","Bolig",11,4825580,2.7,c(-33387.77, 6731985.38)
"84",4550000,113750,17,2003,4,"D","Orange",2,163.64,"Tre",4,"Fritt salg","Frittliggende enebolig",1,"4704.6",0,0,0,0,0,0,2,302,"0.0","302.0","0.0",0,1,1,40,2,1,1,1,0,1,"Underetasje","Kjøkken",3,"Privat innlagt",2,"Privat kloakk",2020,"2020Q2",2020-05-07 02:00:00,"4631/233/105/NA",4631,233,105,"0",19231380,"Dyrhovden 2 A","dyrhovden",2,"B","H0101","5993","Småhus",2423844,"Enebolig m/hybel/sokkelleil.","Bolig","Bolig",8,2200556,27.91,c(-19003.2, 6759006.32)
"85",4350000,29194.6308724832,22,1998,4,"D","Orange",2,176.18,"Tre",4,"Fritt salg","Frittliggende enebolig",1,"951.4",0,0,0,0,0,0,2,221,"0.0","221.0","0.0",0,1,1,149,5,2,2,1,0,2,"Hovedetasje","Kjøkken",1,"Tilkn. off. vannverk",0,"Ikke Oppgitt",2020,"2020Q3",2020-08-07 02:00:00,"4626/150/172/NA",4626,150,172,"0",13004951,"Leirbakken 9","leirbakken",9,NA,"U0101","5382","Småhus",2845000,"Enebolig m/hybel/sokkelleil.","Bolig","Bolig",4,1318151,18.51,c(-46879.38, 6723276.29)
"86",3300000,25000,3,2017,6,"B","Orange",2,128.53,"Tre",4,"Fritt salg","Tomannsbolig",1,"523.3",0,0,0,0,0,0,1,132,"0.0","132.0","86.0",0,1,1,132,5,2,2,1,0,2,"Hovedetasje","Kjøkken",1,"Tilkn. off. vannverk",1,"Offentlig kloakk",2020,"2020Q1",2020-03-13 01:00:00,"4624/73/85/NA",4624,73,85,"0",300637242,"Hegglandsdalsvegen 304 B","hegglandsdalsvegen",304,"B","H0101","5211","Småhus",2225313,"Tomannsbolig, vertikaldelt","Bolig","Bolig",4,6808143,22.5,c(-24345.1, 6713178.55)
"87",3950000,23372.7810650888,34,1986,3,"E","Yellow",3,203.09,"Tre",4,"Fritt salg","Frittliggende enebolig",1,"1283.1",0,0,0,0,0,0,1,169,"0.0","169.0","0.0",0,1,1,169,5,1,2,1,0,2,"Hovedetasje","Kjøkken",0,"Ikke Oppgitt",0,"Ikke Oppgitt",2020,"2020Q1",2020-03-20 01:00:00,"4626/43/599/NA",4626,43,599,"0",9802266,"Nygårdsvegen 13","nygårdsvegen",13,NA,"H0101","5350","Småhus",2254560,"Enebolig","Bolig","Bolig",4,347516,10.22,c(-41774.24, 6731230.42)
"88",4350000,37500,30,1990,3,"E","Orange",2,235.47,"Tre",4,"Fritt salg","Frittliggende enebolig",1,"207.4",0,0,0,0,0,0,1,119,"0.0","119.0","0.0",0,2,1,116,4,1,2,1,0,2,"Hovedetasje","Kjøkken",0,"Ikke Oppgitt",0,"Ikke Oppgitt",2020,"2020Q1",2020-03-04 01:00:00,"4601/43/793/NA",4601,43,793,"0",139890450,"Sanddalskollen 79","sanddalskollen",79,NA,"H0201","5225","Småhus",2185208,"Rekkehus","Bolig","Bolig",5,4949480,7.57,c(-30627.13, 6726886.69)
"89",14750000,226923.076923077,10,2012,7,"A","Lightgreen",4,73.67,"Tre",4,"Fritt salg","Frittliggende enebolig",1,"1288.6",0,0,0,0,0,0,2,252,"0.0","252.0","185.0",0,1,1,65,3,1,1,1,0,2,"Hovedetasje","Kjøkken",1,"Tilkn. off. vannverk",1,"Offentlig kloakk",2022,"2022Q2",2022-04-29 02:00:00,"4601/13/647/NA",4601,13,647,"0",300229162,"Stavkirkevegen 13 A","stavkirkevegen",13,"A","H0102","5231","Småhus",458975,"Enebolig m/hybel/sokkelleil.","Uoppgitt","Bolig",5,6044657,5.73,c(-31562.31, 6728612.52)
"90",5370000,36283.7837837838,19,2002,5,"C","Yellow",3,137.56,"Tre",4,"Fritt salg","Rekkehus/kjede",1,"270.8",0,0,0,0,0,0,1,148,"0.0","148.0","0.0",0,1,1,148,4,2,2,1,0,2,"Hovedetasje","Kjøkken",1,"Tilkn. off. vannverk",1,"Offentlig kloakk",2021,"2021Q2",2021-05-10 02:00:00,"4601/50/306/NA",4601,50,306,"0",20768371,"Kirkebirkeland 79 E","kirkebirkeland",79,"E","H0101","5227","Småhus",550828,"Rekkehus","Bolig","Bolig",5,4827825,10.32,c(-30545.37, 6724114.01)
"91",4490000,18553.7190082645,36,1985,2,"F","Orange",2,280.81,"Tre",4,"Fritt salg","Frittliggende enebolig",1,"718.9",0,0,0,0,0,0,1,259,"0.0","259.0","0.0",0,1,1,242,5,1,2,1,0,2,"Hovedetasje","Kjøkken",1,"Tilkn. off. vannverk",0,"Ikke Oppgitt",2021,"2021Q2",2021-06-24 02:00:00,"4631/323/361/NA",4631,323,361,"0",9850635,"Juviknipa 68","juviknipa",68,NA,"H0101","5918","Småhus",769515,"Enebolig","Bolig","Bolig",2,6271261,14.01,c(-35483.81, 6747904.49)
"92",1710000,10426.8292682927,51,1969,1,"G","Red",1,404.5,"Tre",4,"Fritt salg","Frittliggende enebolig",1,"1080.0",0,0,0,0,0,0,1,164,"0.0","164.0","0.0",0,1,1,164,5,1,1,1,0,2,"Hovedetasje","Kjøkken",0,"Ikke Oppgitt",0,"Ikke Oppgitt",2020,"2020Q3",2020-07-30 02:00:00,"4631/211/14/NA",4631,211,14,"0",176283300,"Li 31","li",31,NA,"H0101","5913","Småhus",2808067,"Enebolig","Bolig","Bolig",4,2275154,25.3,c(-25320.06, 6758723.14)
"93",3000000,30000,5,2016,6,"B","Orange",2,132.44,"Tre",4,"Fritt salg","Rekkehus/kjede",2,"153.6",0,0,0,0,0,0,1,100,"0.0","100.0","50.0",0,2,1,100,4,2,2,0,0,2,"Hovedetasje","Kjøkken",1,"Tilkn. off. vannverk",1,"Offentlig kloakk",2021,"2021Q2",2021-04-06 02:00:00,"4631/134/487/NA",4631,134,487,"0",300655685,"Vardane 190","vardane",190,NA,"H0201","5911","Småhus",391317,"Rekkehus","Bolig","Bolig",34,6964976,20.26,c(-34465.46, 6754440.9)
"94",4200000,22580.6451612903,2,2020,6,"B","Red",1,116.7,"Tre",4,"Fritt salg","Frittliggende enebolig",1,"928.9",0,0,0,0,0,0,1,232,"0.0","232.0","141.0",0,1,1,186,5,2,2,1,0,2,"Hovedetasje","Kjøkken",3,"Privat innlagt",2,"Privat kloakk",2022,"2022Q1",2022-03-15 01:00:00,"4624/184/173/NA",4624,184,173,"0",300803920,"Kletten 38","kletten",38,NA,"H0101","5643","Småhus",289861,"Enebolig","Bolig","Bolig",4,7136662,32.3,c(-17852.2, 6705299.72)
"95",5240000,25314.0096618357,1,2019,6,"B","Orange",2,127.01,"Tre",4,"Fritt salg","Frittliggende enebolig",1,"855.7",0,0,0,0,0,0,1,207,"0.0","207.0","254.0",0,1,1,207,5,2,2,1,0,2,"Hovedetasje","Kjøkken",1,"Tilkn. off. vannverk",1,"Offentlig kloakk",2020,"2020Q1",2020-01-07 01:00:00,"4627/18/623/NA",4627,18,623,"0",300628470,"Friluftsvegen 43 B","friluftsvegen",43,"B","H0101","5310","Småhus",1952008,"Enebolig","Bolig","Bolig",8,6790395,13.89,c(-42849.97, 6743027.39)
"96",1500000,7500,10,2011,6,"B","Orange",2,113.85,"Tre",4,"Fritt salg","Frittliggende enebolig",1,"999.2",0,0,0,0,0,0,1,200,"0.0","200.0","145.0",0,1,1,200,2,1,2,1,0,2,"Hovedetasje","Kjøkken",1,"Tilkn. off. vannverk",1,"Offentlig kloakk",2021,"2021Q3",2021-09-30 02:00:00,"4626/114/209/NA",4626,114,209,"0",300040090,"Gamle Skulevegen 17","gamle skulevegen",17,NA,"H0101","5378","Småhus",1215089,"Enebolig","Bolig","Bolig",4,4882905,25.35,c(-46079.02, 6713220.09)
"97",4250000,37280.701754386,30,1991,4,"D","Yellow",3,182.33,"Tre",4,"Fritt salg","Rekkehus/kjede",1,"132.7",0,0,0,0,0,0,1,110,"0.0","110.0","0.0",0,2,1,114,4,1,2,1,0,2,"Hovedetasje","Kjøkken",1,"Tilkn. off. vannverk",1,"Offentlig kloakk",2021,"2021Q2",2021-06-23 02:00:00,"4601/43/800/NA",4601,43,800,"0",9492992,"Sanddalskollen 95","sanddalskollen",95,NA,"H0201","5225","Småhus",759122,"Rekkehus","Bolig","Bolig",14,4808590,7.57,c(-30592.11, 6726891.01)
"98",6050000,32880.4347826087,23,1998,5,"C","Red",1,151.02,"Tre",4,"Fritt salg","Tomannsbolig",1,"504.1",0,0,0,0,0,0,1,184,"0.0","184.0","0.0",0,1,1,184,5,3,3,1,0,2,"Hovedetasje","Kjøkken",1,"Tilkn. off. vannverk",1,"Offentlig kloakk",2021,"2021Q1",2021-03-08 01:00:00,"4601/35/540/NA",4601,35,540,"0",20730501,"Eldsbakkane 33","eldsbakkane",33,NA,"H0101","5253","Småhus",279454,"Tomannsbolig, vertikaldelt","Bolig","Bolig",7,4769883,9.58,c(-35885.95, 6725554.52)
"99",3320000,28135.593220339,3,2018,5,"C","Orange",2,134.53,"Tre",4,"Fritt salg","Frittliggende enebolig",1,"325.9",0,0,0,0,0,0,1,118,"0.0","118.0","82.0",0,1,1,118,4,1,2,1,0,2,"Hovedetasje","Kjøkken",1,"Tilkn. off. vannverk",1,"Offentlig kloakk",2021,"2021Q1",2021-02-11 01:00:00,"4631/212/126/NA",4631,212,126,"0",300650839,"Vahaugen 20","vahaugen",20,NA,"H0101","5913","Småhus",173186,"Enebolig","Bolig","Bolig",2,4915148,24.45,c(-24571.99, 6757605.91)
"100",4400000,45360.824742268,51,1970,3,"E","Orange",2,227.43,"Tre",4,"Fritt salg","Frittliggende enebolig",1,"1186.6",0,0,0,0,0,0,2,175,"0.0","175.0","0.0",0,1,1,97,3,1,1,1,0,2,"Hovedetasje","Kjøkken",1,"Tilkn. off. vannverk",1,"Offentlig kloakk",2021,"2021Q1",2021-03-15 01:00:00,"4601/143/310/NA",4601,143,310,"0",139602757,"Lerums vei 43","lerums vei",43,NA,"H0101","5178","Småhus",307729,"Enebolig m/hybel/sokkelleil.","Bolig","Bolig",4,4897988,5.56,c(-37577.07, 6734634.46)
"101",4500000,27272.7272727273,37,1984,3,"E","Yellow",3,212.53,"Tre",4,"Fritt salg","Rekkehus/kjede",1,"229.9",1,0,0,0,0,0,1,165,"0.0","165.0","0.0",0,1,1,165,4,2,2,1,0,2,"Hovedetasje","Kjøkken",1,"Tilkn. off. vannverk",1,"Offentlig kloakk",2021,"2021Q2",2021-04-28 02:00:00,"4601/121/688/NA",4601,121,688,"0",9423443,"Nordåsbrotet 88","nordåsbrotet",88,NA,"H0101","5235","Småhus",498379,"Rekkehus","Bolig","Bolig",6,4798388,9.84,c(-34436.02, 6724783.63)
"102",4700000,73437.5,19,2002,5,"C","Yellow",3,144.5,"Tre",4,"Fritt salg","Frittliggende enebolig",2,"1420.3",0,0,0,0,0,0,2,201,"0.0","201.0","0.0",0,1,1,64,2,1,1,1,0,1,"Underetasje","Kjøkken",2,"Tilkn. privat vannverk",2,"Privat kloakk",2021,"2021Q3",2021-08-16 02:00:00,"4626/59/202/NA",4626,59,202,"0",18643510,"Nordre Storhaugen 11","nordre storhaugen",11,NA,"U0101","5366","Småhus",999477,"Enebolig m/hybel/sokkelleil.","Bolig","Bolig",8,357340,20.86,c(-50749.87, 6743523.29)
"103",5450000,35855.2631578947,32,1989,3,"E","Orange",2,232.98,"Mur/tegl",2,"Fritt salg","Blokkleilighet",1,"1325.6",0,0,0,0,0,0,2,213,"0.0","213.0","125.0",0,1,1,152,3,1,2,1,0,2,"Hovedetasje","Kjøkken",1,"Tilkn. off. vannverk",1,"Offentlig kloakk",2021,"2021Q2",2021-04-09 02:00:00,"4627/7/745/NA",4627,7,745,"0",9820868,"Nygjerdet 26","nygjerdet",26,NA,"H0101","5300","Småhus",404884,"Enebolig m/hybel/sokkelleil.","Bolig","Bolig",2,94232,5.94,c(-37050.07, 6737505.61)
"104",4110000,37027.027027027,36,1985,2,"F","Orange",2,262.84,"Tre",4,"Fritt salg","Rekkehus/kjede",1,"162.4",0,0,0,0,0,0,1,111,"0.0","111.0","0.0",0,1,1,111,4,1,2,1,0,2,"Hovedetasje","Kjøkken",0,"Ikke Oppgitt",0,"Ikke Oppgitt",2021,"2021Q2",2021-04-05 02:00:00,"4601/143/664/NA",4601,143,664,"0",139933958,"Øvre Krabbedalen 1","øvre krabbedalen",1,NA,"H0101","5178","Småhus",384632,"Rekkehus","Bolig","Bolig",8,4758014,5.52,c(-37526.84, 6733781.13)
"105",2800000,22950.8196721311,97,1924,1,"G","Orange",2,439.27,"Tre",4,"Fritt salg","Annet",2,"178258.9",1,0,1,0,0,0,1,122,"0.0","122.0","0.0",0,1,1,122,5,1,1,1,0,2,"Hovedetasje","Kjøkken",3,"Privat innlagt",2,"Privat kloakk",2021,"2021Q1",2021-02-10 01:00:00,"4630/137/2/NA",4630,137,2,"0",175866140,"Bullavegen 60","bullavegen",60,NA,"H0101","5281","Småhus",170844,"Våningshus","Bolig","Bolig",11,1435992,14.61,c(-24542.49, 6746871.2)
"106",13000000,42763.1578947368,58,1964,6,"B","Yellow",3,110.01,"Tre",4,"Fritt salg","Frittliggende enebolig",1,"2030.8",1,0,0,0,0,0,1,304,"0.0","304.0","0.0",0,1,1,304,9,3,3,1,0,2,"Hovedetasje","Kjøkken",1,"Tilkn. off. vannverk",1,"Offentlig kloakk",2022,"2022Q3",2022-07-04 02:00:00,"4624/63/243/NA",4624,63,243,"0",12550154,"Austre Lurane 6","austre lurane",6,NA,"H0101","5200","Småhus",730660,"Enebolig","Bolig","Bolig",8,2352936,24.74,c(-26965.63, 6710104.14)
"107",4615000,36626.9841269841,5,2016,5,"C","Red",1,134.53,"Tre",4,"Fritt salg","Frittliggende enebolig",1,"389.8",0,0,0,0,0,0,1,126,"0.0","126.0","77.0",0,1,1,126,4,2,2,1,0,2,"Hovedetasje","Kjøkken",1,"Tilkn. off. vannverk",1,"Offentlig kloakk",2021,"2021Q2",2021-06-01 02:00:00,"4627/10/964/NA",4627,10,964,"0",300451683,"Stongafjellsvegen 354","stongafjellsvegen",354,NA,"H0101","5301","Småhus",640963,"Enebolig","Bolig","Bolig",3,6438566,6.92,c(-38347.86, 6737138.04)
"108",3750000,28625.9541984733,16,2005,5,"C","Red",1,141.6,"Tre",4,"Fritt salg","Tomannsbolig",1,"576.1",0,0,0,0,0,0,1,130,"0.0","130.0","79.0",0,1,1,131,4,1,2,1,0,2,"Hovedetasje","Kjøkken",1,"Tilkn. off. vannverk",1,"Offentlig kloakk",2021,"2021Q2",2021-05-06 02:00:00,"4631/321/86/NA",4631,321,86,"0",21170143,"Dalemarka 63 A","dalemarka",63,"A","H0101","5918","Småhus",537281,"Tomannsbolig, vertikaldelt","Bolig","Bolig",8,1292081,15.47,c(-36974.98, 6748981.9)
"109",5400000,39416.0583941606,3,2018,6,"B","Yellow",3,129.59,"Tre",4,"Fritt salg","Tomannsbolig",1,"436.1",0,0,0,0,0,0,1,137,"0.0","137.0","100.0",0,1,1,137,5,2,2,1,0,2,"Hovedetasje","Kjøkken",1,"Tilkn. off. vannverk",1,"Offentlig kloakk",2021,"2021Q1",2021-03-09 01:00:00,"4624/51/538/NA",4624,51,538,"0",300626252,"Kuvågvegen 38 A","kuvågvegen",38,"A","H0101","5209","Småhus",285892,"Tomannsbolig, vertikaldelt","Bolig","Bolig",6,6786578,24.91,c(-28202.5, 6709714.08)
"110",4800000,29090.9090909091,62,1958,6,"B","Yellow",3,120.64,"Tre",4,"Fritt salg","Frittliggende enebolig",1,"820.9",0,0,0,0,0,0,1,165,"0.0","165.0","84.0",0,1,1,165,4,1,1,1,0,2,"Hovedetasje","Kjøkken",1,"Tilkn. off. vannverk",1,"Offentlig kloakk",2020,"2020Q1",2020-01-16 01:00:00,"4601/43/142/NA",4601,43,142,"0",139489381,"Midtunhaugen 66","midtunhaugen",66,NA,"H0101","5224","Småhus",1992588,"Enebolig","Bolig","Bolig",3,4889813,8.65,c(-31253.93, 6725708.93)
"111",6575000,24351.8518518519,18,2003,6,"B","Lightgreen",4,111.47,"Tre",4,"Fritt salg","Frittliggende enebolig",1,"6733.8",0,0,0,0,0,0,1,270,"0.0","270.0","0.0",0,1,1,270,6,2,2,1,0,2,"Hovedetasje","Kjøkken",2,"Tilkn. privat vannverk",1,"Offentlig kloakk",2021,"2021Q2",2021-06-25 02:00:00,"4626/24/201/NA",4626,24,201,"0",22580264,"Landrovågen 16","landrovågen",16,NA,"H0101","5363","Småhus",775358,"Enebolig","Bolig","Bolig",4,361845,19.91,c(-51009.75, 6740341.31)
"112",7075000,38873.6263736264,32,1989,3,"E","Orange",2,215.12,"Tre",4,"Fritt salg","Frittliggende enebolig",1,"837.6",0,0,0,0,0,0,2,273,"0.0","273.0","0.0",0,1,1,182,6,2,3,1,0,2,"Hovedetasje","Kjøkken",1,"Tilkn. off. vannverk",1,"Offentlig kloakk",2021,"2021Q3",2021-09-03 02:00:00,"4601/21/1505/NA",4601,21,1505,"0",9495819,"Torvdalsveien 11 B","torvdalsveien",11,"B","H0102","5155","Småhus",1090077,"Enebolig m/hybel/sokkelleil.","Bolig","Bolig",6,4809021,7.84,c(-35265.3, 6727179)
"113",3000000,14778.3251231527,24,1995,2,"F","Green",5,266.47,"Betong",1,"Fritt salg","Frittliggende enebolig",1,"951.4",0,0,0,0,0,0,1,203,"0.0","203.0","0.0",0,1,1,203,4,1,1,1,0,2,"Hovedetasje","Kjøkken",1,"Tilkn. off. vannverk",0,"Ikke Oppgitt",2019,"2019Q3",2019-09-30 02:00:00,"4626/26/193/NA",4626,26,193,"0",9802681,"Barnessvingen 3","barnessvingen",3,NA,"H0101","5363","Småhus",1143618,"Enebolig","Bolig","Bolig",8,322097,18.32,c(-49390.49, 6740182.13)
"114",7250000,125000,17,2005,5,"C","Orange",2,151.27,"Tre",4,"Fritt salg","Frittliggende enebolig",1,"816.1",0,0,0,0,0,0,2,185,"0.0","185.0","0.0",0,1,1,58,2,1,1,1,0,1,"Underetasje","Kjøkken",1,"Tilkn. off. vannverk",1,"Offentlig kloakk",2022,"2022Q4",2022-11-01 01:00:00,"4624/44/486/NA",4624,44,486,"0",21712892,"Halhjemsmarka 280","halhjemsmarka",280,NA,"H0101","5208","Småhus",1235755,"Enebolig m/hybel/sokkelleil.","Bolig","Bolig",11,2357036,28.83,c(-29856.86, 6705572.49)
"115",6850000,53937.0078740157,16,2005,5,"C","Orange",2,151.27,"Tre",4,"Fritt salg","Frittliggende enebolig",1,"816.1",0,0,0,0,0,0,2,185,"0.0","185.0","0.0",0,1,1,127,5,2,2,1,0,2,"Hovedetasje","Kjøkken",1,"Tilkn. off. vannverk",1,"Offentlig kloakk",2021,"2021Q1",2021-02-01 01:00:00,"4624/44/486/NA",4624,44,486,"0",21712892,"Halhjemsmarka 280","halhjemsmarka",280,NA,"H0101","5208","Småhus",123861,"Enebolig m/hybel/sokkelleil.","Bolig","Bolig",8,2357036,28.83,c(-29856.86, 6705572.49)
"116",7700000,24600.6389776358,34,1988,3,"E","Orange",2,212.44,"Betong",1,"Fritt salg","Frittliggende enebolig",1,"1364.7",0,0,0,0,0,0,1,313,"0.0","313.0","0.0",0,1,1,313,6,3,4,1,0,2,"Hovedetasje","Kjøkken",1,"Tilkn. off. vannverk",1,"Offentlig kloakk",2022,"2022Q4",2022-11-07 01:00:00,"4601/185/101/NA",4601,185,101,"0",9472843,"Kollbudalen 76","kollbudalen",76,NA,"H0101","5124","Småhus",1260958,"Enebolig","Bolig","Bolig",6,4805328,9.72,c(-33626.43, 6743907.54)
"117",6120000,31875,20,2001,4,"D","Orange",2,161.45,"Tre",4,"Fritt salg","Frittliggende enebolig",1,"1203.6",0,0,0,0,0,0,1,192,"0.0","192.0","0.0",0,1,1,192,7,2,2,1,0,2,"Hovedetasje","Kjøkken",1,"Tilkn. off. vannverk",2,"Privat kloakk",2021,"2021Q3",2021-09-17 02:00:00,"4631/137/191/NA",4631,137,191,"0",19236692,"Stølen 35","stølen",35,NA,"H0101","5911","Småhus",1155866,"Enebolig","Bolig","Bolig",4,2248780,18.87,c(-32981.64, 6753169.67)
"118",8850000,44472.3618090452,8,2013,5,"C","Orange",2,128.14,"Tre",4,"Fritt salg","Frittliggende enebolig",1,"731.3",0,0,0,0,0,0,1,211,"0.0","211.0","95.0",0,1,1,199,7,2,3,1,0,2,"Hovedetasje","Kjøkken",1,"Tilkn. off. vannverk",1,"Offentlig kloakk",2021,"2021Q2",2021-04-15 02:00:00,"4601/37/464/NA",4601,37,464,"0",300245271,"Grunnane 68","grunnane",68,NA,"H0101","5251","Småhus",435203,"Enebolig","Bolig","Bolig",4,6072034,9.42,c(-35330.43, 6725504.84)
"119",3500000,27777.7777777778,20,2001,5,"C","Yellow",3,147.71,"Tre",4,"Fritt salg","Tomannsbolig",1,"319.5",0,0,0,0,0,0,1,126,"0.0","126.0","0.0",0,1,1,126,6,2,2,1,0,2,"Hovedetasje","Kjøkken",1,"Tilkn. off. vannverk",0,"Ikke Oppgitt",2021,"2021Q2",2021-06-04 02:00:00,"4631/318/15/NA",4631,318,15,"0",21165581,"Sagstadvegen 103 A","sagstadvegen",103,"A","H0101","5919","Småhus",668330,"Tomannsbolig, vertikaldelt","Bolig","Bolig",6,1289054,15.63,c(-35389.83, 6749584.69)
"120",6650000,39349.1124260355,15,2006,5,"C","Yellow",3,148.49,"Tre",4,"Fritt salg","Frittliggende enebolig",1,"258.3",0,0,0,0,0,0,1,169,"0.0","169.0","0.0",0,1,1,169,5,1,1,1,0,2,"Hovedetasje","Kjøkken",1,"Tilkn. off. vannverk",1,"Offentlig kloakk",2021,"2021Q3",2021-08-02 02:00:00,"4601/135/46/NA",4601,135,46,"0",23652048,"Janaveien 114","janaveien",114,NA,"H0101","5179","Småhus",941154,"Enebolig","Bolig","Bolig",5,4836243,8.31,c(-40101.55, 6732359.34)
"121",4125000,26960.7843137255,23,1998,4,"D","Orange",2,177.17,"Tre",4,"Fritt salg","Rekkehus/kjede",1,"343.3",0,0,0,0,0,0,1,153,"0.0","153.0","0.0",0,1,1,153,5,1,1,1,0,2,"Hovedetasje","Kjøkken",1,"Tilkn. off. vannverk",1,"Offentlig kloakk",2021,"2021Q2",2021-04-06 02:00:00,"4631/188/716/NA",4631,188,716,"0",19230627,"Oterdalen 72","oterdalen",72,NA,"H0101","5914","Småhus",386406,"Rekkehus","Bolig","Bolig",6,2200315,17.51,c(-30584.07, 6751775.77)
"122",8100000,44021.7391304348,1,2018,6,"B","Orange",2,124.9,"Ikke Oppgitt",0,"Fritt salg","Frittliggende enebolig",1,"729.8",0,0,0,0,0,0,1,184,"0.0","184.0","165.0",0,1,1,184,5,2,3,1,0,2,"Hovedetasje","Kjøkken",1,"Tilkn. off. vannverk",1,"Offentlig kloakk",2019,"2019Q3",2019-08-02 02:00:00,"4601/129/708/NA",4601,129,708,"0",300612662,"Håkonshellaveien 219 B","håkonshellaveien",219,"B","H0101","5174","Småhus",889130,"Enebolig","Bolig","Bolig",8,6758239,9.41,c(-40532.69, 6730297.88)
"123",7300000,32017.5438596491,10,2011,6,"B","Red",1,111.7,"Tre",4,"Fritt salg","Frittliggende enebolig",1,"991.8",0,0,0,0,0,0,1,228,"0.0","228.0","115.0",0,1,1,228,6,2,3,1,0,2,"Hovedetasje","Kjøkken",1,"Tilkn. off. vannverk",1,"Offentlig kloakk",2021,"2021Q2",2021-04-30 02:00:00,"4601/190/155/NA",4601,190,155,"0",25607937,"Litleåsvegen 30","litleåsvegen",30,NA,"H0101","5132","Småhus",505844,"Enebolig","Bolig","Bolig",3,4772342,8.61,c(-30100.24, 6742718.77)
"124",6100000,22101.4492753623,25,1995,4,"D","Yellow",3,185.15,"Mur/tegl",2,"Fritt salg","Frittliggende enebolig",1,"477.2",0,0,0,0,0,0,2,276,"0.0","276.0","0.0",0,1,1,276,4,3,3,1,0,2,"Hovedetasje","Kjøkken",1,"Tilkn. off. vannverk",1,"Offentlig kloakk",2020,"2020Q3",2020-07-21 02:00:00,"4601/29/441/NA",4601,29,441,"0",9539212,"Bjørgedalen 156 B","bjørgedalen",156,"B","H0101","5141","Småhus",2772243,"Enebolig m/hybel/sokkelleil.","Bolig","Bolig",8,4816247,7.67,c(-37267.12, 6728715.93)
"125",6800000,17894.7368421053,19,2002,5,"C","Yellow",3,133.79,"Tre",4,"Fritt salg","Frittliggende enebolig",1,"835.7",0,0,0,0,0,0,1,380,"0.0","380.0","0.0",0,1,1,380,6,3,3,1,0,2,"Hovedetasje","Kjøkken",1,"Tilkn. off. vannverk",1,"Offentlig kloakk",2021,"2021Q1",2021-03-16 01:00:00,"4624/8/528/NA",4624,8,528,"0",21713384,"Internatvegen 20","internatvegen",20,NA,"H0101","5212","Småhus",317420,"Enebolig","Bolig","Bolig",7,2357068,18.92,c(-27621.69, 6715922.84)
"126",5310000,37928.5714285714,31,1990,3,"E","Orange",2,224.75,"Tre",4,"Fritt salg","Tomannsbolig",3,"316.1",0,0,0,0,0,0,1,140,"0.0","140.0","0.0",0,1,1,140,5,2,2,1,0,2,"Hovedetasje","Kjøkken",0,"Ikke Oppgitt",0,"Ikke Oppgitt",2021,"2021Q2",2021-04-20 02:00:00,"4601/116/153/NA",4601,116,153,"0",139892895,"Skraneskogen 66 B","skraneskogen",66,"B",NA,"5252","Småhus",455750,"Tomannsbolig, vertikaldelt","Bolig","Bolig",4,4949723,10.67,c(-36055.93, 6724443.32)
"127",3600000,30252.1008403361,15,2006,5,"C","Red",1,139.31,"Tre",4,"Fritt salg","Tomannsbolig",1,"334.8",0,0,0,0,0,0,1,119,"0.0","119.0","0.0",0,1,1,119,4,2,2,1,0,2,"Hovedetasje","Kjøkken",1,"Tilkn. off. vannverk",1,"Offentlig kloakk",2021,"2021Q1",2021-03-29 02:00:00,"4624/44/550/NA",4624,44,550,"0",21721344,"Bjørnavegen 79 B","bjørnavegen",79,"B","H0101","5208","Småhus",375071,"Tomannsbolig, vertikaldelt","Bolig","Bolig",7,2359345,28.27,c(-29388.56, 6706173.23)
"128",4200000,23863.6363636364,87,1932,1,"G","Yellow",3,325.83,"Tre",4,"Fritt salg","Rekkehus/kjede",1,"232.4",0,0,0,0,0,0,1,176,"0.0","176.0","60.0",0,1,1,176,6,3,3,1,0,2,"Hovedetasje","Ikke Oppgitt",1,"Tilkn. off. vannverk",1,"Offentlig kloakk",2019,"2019Q3",2019-09-06 02:00:00,"4601/163/395/NA",4601,163,395,"0",139272714,"Stemmeveien 38","stemmeveien",38,NA,"H0101","5009","Småhus",1044262,"Rekkehus","Bolig","Bolig",3,4856091,2.51,c(-29931.56, 6732952.84)
"129",4700000,34558.8235294118,22,1999,5,"C","Yellow",3,149.44,"Tre",4,"Fritt salg","Blokkleilighet",2,"303.4",0,0,0,0,0,0,1,136,"0.0","136.0","0.0",0,1,1,136,4,1,2,1,0,2,"Hovedetasje","Kjøkken",1,"Tilkn. off. vannverk",1,"Offentlig kloakk",2021,"2021Q2",2021-05-11 02:00:00,"4601/143/941/NA",4601,143,941,"0",20733071,"Skålevikstølen 7 D","skålevikstølen",7,"D","H0101","5178","Småhus",560451,"Tomannsbolig, vertikaldelt","Bolig","Bolig",9,4823614,5.18,c(-37212, 6734486.77)
"130",4380000,23422.4598930481,4,2017,6,"B","Red",1,118.23,"Tre",4,"Fritt salg","Rekkehus/kjede",1,"301.5",0,0,0,0,0,0,1,187,"0.0","187.0","100.0",0,1,1,187,5,2,2,1,0,2,"Hovedetasje","Kjøkken",1,"Tilkn. off. vannverk",1,"Offentlig kloakk",2021,"2021Q1",2021-03-30 02:00:00,"4626/33/656/NA",4626,33,656,"0",300574712,"Brurasteinane 12","brurasteinane",12,NA,"H0101","5360","Småhus",378653,"Rekkehus","Bolig","Bolig",5,6682450,14.07,c(-45715.52, 6731068.16)
"131",5000000,37037.037037037,3,2018,5,"C","Red",1,136.01,"Tre",4,"Fritt salg","Frittliggende enebolig",1,"288.3",0,0,0,0,0,0,1,135,"0.0","135.0","119.0",0,1,1,135,4,2,2,1,0,2,"Hovedetasje","Kjøkken",1,"Tilkn. off. vannverk",1,"Offentlig kloakk",2021,"2021Q1",2021-03-19 01:00:00,"4627/10/1004/NA",4627,10,1004,"0",300544002,"Stongafjellsvegen 367","stongafjellsvegen",367,NA,"H0101","5301","Småhus",334488,"Enebolig","Bolig","Bolig",4,6616984,7.04,c(-38457.79, 6737200.32)
"132",5850000,38741.7218543046,24,1997,3,"E","Orange",2,218.57,"Tre",4,"Fritt salg","Tomannsbolig",1,"438.4",0,0,0,0,0,0,1,151,"0.0","151.0","0.0",0,1,1,151,4,1,2,1,0,2,"Hovedetasje","Kjøkken",1,"Tilkn. off. vannverk",1,"Offentlig kloakk",2021,"2021Q2",2021-04-06 02:00:00,"4601/44/842/NA",4601,44,842,"0",9572791,"Nordrevoll 29","nordrevoll",29,NA,"H0101","5223","Småhus",389185,"Tomannsbolig, vertikaldelt","Bolig","Bolig",5,6037719,8.74,c(-30934.05, 6725650.87)
"133",5700000,26267.2811059908,7,2014,5,"C","Green",5,150.35,"Tre",4,"Fritt salg","Frittliggende enebolig",1,"1517.6",0,0,0,0,0,0,1,217,"0.0","217.0","0.0",0,1,1,217,5,2,2,1,0,2,"Hovedetasje","Kjøkken",2,"Tilkn. privat vannverk",1,"Offentlig kloakk",2021,"2021Q3",2021-08-06 02:00:00,"4624/187/27/NA",4624,187,27,"0",300408907,"Vik 90","vik",90,NA,"H0101","5643","Småhus",961499,"Enebolig","Bolig","Bolig",6,6356573,31.56,c(-17332.54, 6706396.04)
"134",3590000,32636.3636363636,5,2016,6,"B","Orange",2,128.1,"Tre",4,"Fritt salg","Rekkehus/kjede",1,"120.3",0,0,0,0,0,0,1,110,"0.0","110.0","74.0",0,1,1,110,4,2,2,1,0,2,"Hovedetasje","Kjøkken",1,"Tilkn. off. vannverk",1,"Offentlig kloakk",2021,"2021Q2",2021-05-07 02:00:00,"4601/170/376/NA",4601,170,376,"0",300422360,"Litlaskarstien 107","litlaskarstien",107,NA,"H0101","5111","Småhus",543989,"Rekkehus","Bolig","Bolig",5,6382956,11.4,c(-26970.33, 6744543.22)
"135",5050000,33223.6842105263,23,1998,4,"D","Red",1,177.22,"Tre",4,"Fritt salg","Frittliggende enebolig",1,"769.2",0,0,0,0,0,0,1,152,"0.0","152.0","0.0",0,1,1,152,5,1,2,1,0,2,"Hovedetasje","Kjøkken",1,"Tilkn. off. vannverk",1,"Offentlig kloakk",2021,"2021Q1",2021-03-30 02:00:00,"4627/10/527/NA",4627,10,527,"0",19712028,"Svebrotet 101","svebrotet",101,NA,"H0101","5302","Småhus",379802,"Enebolig","Bolig","Bolig",9,132308,7.77,c(-39438.53, 6736663.17)
"136",4000000,31746.0317460317,46,1976,3,"E","Yellow",3,232.72,"Tre",4,"Fritt salg","Tomannsbolig",1,"350.4",0,0,0,0,0,0,1,126,"0.0","126.0","0.0",0,1,1,126,4,1,1,1,0,2,"Hovedetasje","Kjøkken",1,"Tilkn. off. vannverk",1,"Offentlig kloakk",2022,"2022Q2",2022-06-01 02:00:00,"4624/51/186/NA",4624,51,186,"0",12535821,"Brothaugen 44","brothaugen",44,NA,"H0101","5209","Småhus",589759,"Tomannsbolig, vertikaldelt","Bolig","Bolig",11,2338737,25.45,c(-28245.07, 6709154.66)
"137",7650000,46932.5153374233,0,2019,6,"B","Orange",2,116.44,"Tre",4,"Fritt salg","Frittliggende enebolig",1,"462.1",0,0,0,0,0,0,1,163,"0.0","163.0","183.0",0,1,1,163,5,2,2,1,0,2,"Hovedetasje","Kjøkken",1,"Tilkn. off. vannverk",1,"Offentlig kloakk",2019,"2019Q2",2019-06-14 02:00:00,"4601/88/222/NA",4601,88,222,"0",300654517,"Nøttveitvegen 198","nøttveitvegen",198,NA,"H0101","5238","Småhus",676821,"Enebolig","Bolig","Bolig",2,6841110,11.63,c(-32531.38, 6722702.34)
"138",3340000,25303.0303030303,0,2019,6,"B","Orange",2,128.53,"Tre",4,"Fritt salg","Tomannsbolig",1,"418.6",0,0,0,0,0,0,1,132,"0.0","132.0","93.0",0,1,1,132,5,2,2,1,0,2,"Hovedetasje","Kjøkken",1,"Tilkn. off. vannverk",1,"Offentlig kloakk",2019,"2019Q2",2019-06-25 02:00:00,"4624/27/500/NA",4624,27,500,"0",300683691,"Skipavika 76 A","skipavika",76,"A","H0101","5218","Småhus",724732,"Tomannsbolig, vertikaldelt","Bolig","Bolig",3,6898494,24.78,c(-34676.38, 6709687.33)
"139",3050000,30198.0198019802,16,2006,4,"D","Orange",2,177.81,"Tre",4,"Fritt salg","Tomannsbolig",1,"595.0",0,0,0,0,0,0,1,101,"0.0","101.0","0.0",0,1,1,101,5,1,2,1,0,2,"Hovedetasje","Kjøkken",1,"Tilkn. off. vannverk",1,"Offentlig kloakk",2022,"2022Q2",2022-05-04 02:00:00,"4626/237/46/NA",4626,237,46,"0",23277697,"Råkebakkane 9","råkebakkane",9,NA,"H0101","5337","Småhus",481339,"Tomannsbolig, vertikaldelt","Bolig","Bolig",6,1367522,23.67,c(-51158.33, 6748258.62)
"140",7400000,29133.8582677165,21,2001,6,"B","Lightgreen",4,110.46,"Tre",4,"Fritt salg","Frittliggende enebolig",2,"1119.4",0,0,0,0,1,0,1,230,"0.0","230.0","0.0",0,1,1,254,6,2,2,1,0,2,"Hovedetasje","Kjøkken",1,"Tilkn. off. vannverk",0,"Ikke Oppgitt",2022,"2022Q2",2022-06-01 02:00:00,"4626/150/129/NA",4626,150,129,"0",21470317,"Leirbakken 17","leirbakken",17,NA,"H0101","5382","Småhus",589717,"Enebolig","Bolig","Bolig",13,1320017,18.43,c(-46881.04, 6723412.2)
"141",5000000,21739.1304347826,38,1984,3,"E","Yellow",3,233.57,"Tre",4,"Fritt salg","Frittliggende enebolig",1,"1002.6",0,0,0,0,0,0,1,230,"0.0","230.0","0.0",0,1,1,230,7,2,2,1,0,2,"Hovedetasje","Kjøkken",1,"Tilkn. off. vannverk",2,"Privat kloakk",2022,"2022Q2",2022-06-20 02:00:00,"4626/235/140/NA",4626,235,140,"0",9855327,"Løtevegen 25","løtevegen",25,NA,"H0101","5337","Småhus",665787,"Enebolig","Bolig","Bolig",5,1360334,23.2,c(-51479.37, 6746964.55)
"142",3600000,28571.4285714286,26,1996,4,"D","Yellow",3,193.96,"Tre",4,"Fritt salg","Frittliggende enebolig",2,"437.6",0,0,0,0,0,0,1,126,"0.0","126.0","0.0",0,1,1,126,5,1,1,1,0,2,"Hovedetasje","Kjøkken",1,"Tilkn. off. vannverk",1,"Offentlig kloakk",2022,"2022Q1",2022-03-15 01:00:00,"4627/7/782/NA",4627,7,782,"0",13637342,"Holmedalen 53","holmedalen",53,NA,"H0101","5300","Småhus",292634,"Enebolig","Bolig","Bolig",3,120835,6.09,c(-37485.26, 6737037.17)
"143",3700000,27205.8823529412,10,2012,6,"B","Red",1,129.22,"Tre",4,"Fritt salg","Tomannsbolig",1,"382.5",0,0,0,0,0,0,1,136,"0.0","136.0","86.0",0,1,1,136,6,2,2,1,0,2,"Hovedetasje","Kjøkken",1,"Tilkn. off. vannverk",1,"Offentlig kloakk",2022,"2022Q1",2022-02-28 01:00:00,"4624/44/627/NA",4624,44,627,"0",300226719,"Kjeldevegen 10 C","kjeldevegen",10,"C","H0101","5208","Småhus",227501,"Tomannsbolig, vertikaldelt","Bolig","Bolig",4,6041031,27.84,c(-30206.98, 6706548.01)
"144",6125000,37576.6871165644,4,2016,5,"C","Orange",2,130.2,"Tre",4,"Fritt salg","Tomannsbolig",1,"603.5",0,0,0,0,0,0,1,163,"0.0","163.0","100.0",0,1,1,163,5,2,2,1,0,2,"Hovedetasje","Kjøkken",1,"Tilkn. off. vannverk",1,"Offentlig kloakk",2020,"2020Q4",2020-10-06 02:00:00,"4601/8/260/NA",4601,8,260,"0",300532145,"Rambjøllevegen 40","rambjøllevegen",40,NA,"H0101","5221","Småhus",3135854,"Tomannsbolig, vertikaldelt","Bolig","Bolig",4,6639654,7.08,c(-30588.92, 6727387.83)
"145",7900000,38536.5853658537,3,2019,6,"B","Orange",2,111.01,"Tre",4,"Fritt salg","Frittliggende enebolig",1,"851.3",0,0,0,0,0,0,2,263,"0.0","263.0","166.0",0,1,1,205,4,2,2,1,0,2,"Hovedetasje","Kjøkken",3,"Privat innlagt",2,"Privat kloakk",2022,"2022Q2",2022-05-04 02:00:00,"4624/71/42/NA",4624,71,42,"0",300702821,"Berge 63 B","berge",63,"B","H0101","5211","Småhus",481535,"Enebolig m/hybel/sokkelleil.","Bolig","Bolig",6,6934513,23.67,c(-23583.45, 6712208.13)
"146",3950000,27622.3776223776,20,2002,4,"D","Orange",2,177.67,"Tre",4,"Fritt salg","Frittliggende enebolig",1,"657.0",0,0,0,0,0,0,1,143,"0.0","143.0","0.0",0,1,1,143,5,2,2,1,0,2,"Hovedetasje","Kjøkken",1,"Tilkn. off. vannverk",1,"Offentlig kloakk",2022,"2022Q2",2022-04-25 02:00:00,"4626/23/280/NA",4626,23,280,"0",22576054,"Grønebakkane 40","grønebakkane",40,NA,"H0101","5363","Småhus",434192,"Enebolig","Bolig","Bolig",9,6116898,18.77,c(-50268.38, 6738773.72)
"147",3870000,20051.8134715026,17,2005,4,"D","Yellow",3,161.77,"Tre",4,"Fritt salg","Tomannsbolig",2,"697.3",0,0,0,0,0,0,1,120,"0.0","120.0","15.0",0,1,1,193,5,1,1,1,0,2,"Hovedetasje","Kjøkken",1,"Tilkn. off. vannverk",1,"Offentlig kloakk",2022,"2022Q2",2022-05-23 02:00:00,"4626/237/81/NA",4626,237,81,"0",23276828,"Torsvikhøgda 18","torsvikhøgda",18,NA,"H0101","5337","Småhus",551642,"Tomannsbolig, vertikaldelt","Bolig","Bolig",6,5946917,23.56,c(-51144.87, 6748103.77)
"148",8900000,29470.1986754967,27,1995,5,"C","Yellow",3,149.15,"Betong",1,"Fritt salg","Frittliggende enebolig",1,"1171.5",0,0,0,0,0,0,1,302,"0.0","302.0","0.0",0,1,1,302,6,3,4,1,0,2,"Hovedetasje","Kjøkken",1,"Tilkn. off. vannverk",1,"Offentlig kloakk",2022,"2022Q3",2022-07-05 02:00:00,"4601/22/665/NA",4601,22,665,"0",9515712,"St. Hanshaugen 36","st. hanshaugen",36,NA,"H0101","5142","Småhus",739078,"Enebolig","Bolig","Bolig",5,4812742,5.61,c(-35182.31, 6729680.55)
"149",6130000,23132.0754716981,33,1989,4,"D","Yellow",3,161.58,"Betong",1,"Fritt salg","Frittliggende enebolig",1,"1158.9",0,0,0,0,0,0,1,265,"0.0","265.0","0.0",0,1,1,265,4,1,2,1,0,2,"Hovedetasje","Kjøkken",1,"Tilkn. off. vannverk",2,"Privat kloakk",2022,"2022Q2",2022-05-06 02:00:00,"4627/12/1204/NA",4627,12,1204,"0",9818251,"Søre Marikoven 70","søre marikoven",70,NA,"H0101","5302","Småhus",490323,"Enebolig","Bolig","Bolig",5,92594,8.02,c(-39967.06, 6735480.78)
"150",4300000,30496.4539007092,26,1996,3,"E","Orange",2,225.47,"Tre",4,"Fritt salg","Frittliggende enebolig",1,"564.0",0,0,0,0,0,0,1,141,"0.0","141.0","0.0",0,1,1,141,5,2,2,1,0,2,"Hovedetasje","Kjøkken",1,"Tilkn. off. vannverk",1,"Offentlig kloakk",2022,"2022Q2",2022-06-03 02:00:00,"4626/36/900/NA",4626,36,900,"0",18626411,"Haugavegen 23","haugavegen",23,NA,"H0101","5354","Småhus",601690,"Enebolig","Bolig","Bolig",7,344867,11.36,c(-43365.77, 6733565.01)
"151",6010000,60100,11,2011,5,"C","Green",5,145.11,"Tre",4,"Fritt salg","Rekkehus/kjede",1,"405.2",0,0,0,0,0,0,1,100,"0.0","100.0","1.0",0,1,1,100,4,1,1,1,0,2,"Hovedetasje","Kjøkken",1,"Tilkn. off. vannverk",1,"Offentlig kloakk",2022,"2022Q2",2022-05-31 02:00:00,"4601/39/706/NA",4601,39,706,"0",25184602,"Vindharpevegen 22 A","vindharpevegen",22,"A","H0101","5237","Småhus",578155,"Rekkehus","Bolig","Bolig",9,4839259,10.43,c(-34451.39, 6724181.81)
"152",5620000,34906.8322981366,43,1979,2,"F","Orange",2,280.24,"Tre",4,"Fritt salg","Frittliggende enebolig",1,"535.6",0,0,0,0,0,0,1,161,"0.0","161.0","104.0",0,1,1,161,3,1,1,1,0,2,"Hovedetasje","Kjøkken",1,"Tilkn. off. vannverk",1,"Offentlig kloakk",2022,"2022Q2",2022-06-27 02:00:00,"4601/216/1007/NA",4601,216,1007,"0",139707885,"Eidsvåglien 1","eidsvåglien",1,NA,"H0101","5104","Småhus",699086,"Kjede/atriumhus","Bolig","Bolig",2,4909329,5.42,c(-32767.62, 6739693.1)
"153",6890000,35699.481865285,31,1991,3,"E","Red",1,210.86,"Tre",4,"Fritt salg","Frittliggende enebolig",1,"585.4",0,0,0,0,0,0,1,193,"0.0","193.0","0.0",0,1,1,193,4,2,2,1,0,2,"Hovedetasje","Kjøkken",1,"Tilkn. off. vannverk",1,"Offentlig kloakk",2022,"2022Q1",2022-03-01 01:00:00,"4601/26/323/NA",4601,26,323,"0",9510591,"Nils Langhelles vei 28 C","nils langhelles vei",28,"C","H0101","5148","Småhus",234333,"Enebolig","Bolig","Bolig",6,4811744,4.61,c(-33512.66, 6729962.8)
"154",7000000,46357.6158940397,19,2003,4,"D","Orange",2,175.21,"Tre",4,"Fritt salg","Frittliggende enebolig",1,"192.4",0,0,0,0,0,0,1,151,"0.0","151.0","0.0",0,1,1,151,4,2,2,1,0,2,"Hovedetasje","Kjøkken",1,"Tilkn. off. vannverk",1,"Offentlig kloakk",2022,"2022Q2",2022-04-19 02:00:00,"4601/50/336/NA",4601,50,336,"0",20771860,"Kirkebirkeland 85 B","kirkebirkeland",85,"B","H0101","5227","Småhus",415918,"Kjede/atriumhus","Bolig","Bolig",4,4828243,10.34,c(-30556.07, 6724088.92)
"155",7150000,42307.6923076923,26,1996,2,"F","Orange",2,241.73,"Tre",4,"Fritt salg","Frittliggende enebolig",1,"370.8",0,0,0,0,0,0,1,169,"0.0","169.0","0.0",0,1,1,169,5,2,2,1,0,2,"Hovedetasje","Kjøkken",1,"Tilkn. off. vannverk",1,"Offentlig kloakk",2022,"2022Q4",2022-12-05 01:00:00,"4601/187/449/NA",4601,187,449,"0",9557067,"Haukedalen 197","haukedalen",197,NA,"H0101","5121","Småhus",1382402,"Enebolig","Bolig","Bolig",3,4748557,8.24,c(-32560.49, 6742549.11)
"156",6990000,40877.1929824561,15,2007,5,"C","Yellow",3,136.23,"Tre",4,"Fritt salg","Tomannsbolig",2,"356.5",0,0,0,0,0,0,1,170,"0.0","170.0","119.0",0,1,1,171,5,3,3,1,0,2,"Hovedetasje","Kjøkken",1,"Tilkn. off. vannverk",1,"Offentlig kloakk",2022,"2022Q1",2022-03-10 01:00:00,"4601/137/585/NA",4601,137,585,"0",23633876,"Drotningsvikveien 64 D","drotningsvikveien",64,"D","H0101","5179","Småhus",272338,"Tomannsbolig, vertikaldelt","Bolig","Bolig",13,4834948,7.79,c(-39714.79, 6733054.78)
"157",5000000,21186.4406779661,34,1988,3,"E","Orange",2,219.35,"Tre",4,"Fritt salg","Frittliggende enebolig",1,"895.3",0,0,0,0,0,0,1,236,"0.0","236.0","0.0",0,1,1,236,8,2,2,1,0,2,"Hovedetasje","Kjøkken",1,"Tilkn. off. vannverk",1,"Offentlig kloakk",2022,"2022Q1",2022-03-01 01:00:00,"4624/34/388/NA",4624,34,388,"0",9777407,"Skeismyra 59","skeismyra",59,NA,"H0101","5217","Småhus",231723,"Enebolig","Bolig","Bolig",6,2328460,24.72,c(-30393.51, 6709662.82)
"158",3490000,27054.2635658915,8,2014,6,"B","Orange",2,112.5,"Tre",4,"Fritt salg","Tomannsbolig",2,"158.7",0,0,0,0,0,0,1,129,"0.0","129.0","71.0",0,1,1,129,4,2,2,1,0,2,"Hovedetasje","Kjøkken",1,"Tilkn. off. vannverk",1,"Offentlig kloakk",2022,"2022Q2",2022-05-04 02:00:00,"4626/10/205/NA",4626,10,205,"0",300528263,"Austegardsvegen 73 A","austegardsvegen",73,"A","H0101","5357","Småhus",477429,"Tomannsbolig, vertikaldelt","Bolig","Bolig",8,6585645,18.55,c(-49924.79, 6729452.09)
"159",4950000,34375,26,1996,3,"E","Orange",2,231.03,"Tre",4,"Fritt salg","Frittliggende enebolig",1,"239.5",0,0,0,0,0,0,1,144,"0.0","144.0","93.0",0,1,1,144,5,1,2,1,0,2,"Hovedetasje","Kjøkken",1,"Tilkn. off. vannverk",0,"Ikke Oppgitt",2022,"2022Q3",2022-08-02 02:00:00,"4601/82/186/NA",4601,82,186,"0",9536175,"Hatlestadlia 60","hatlestadlia",60,NA,"H0101","5227","Småhus",846315,"Enebolig","Bolig","Bolig",6,4815868,11.89,c(-30121.76, 6722588.85)
"160",8850000,42344.4976076555,11,2011,6,"B","Lightgreen",4,92.02,"Tre",4,"Fritt salg","Frittliggende enebolig",1,"938.7",0,0,0,0,0,0,1,209,"0.0","209.0","163.0",0,1,1,209,5,2,2,1,0,2,"Hovedetasje","Kjøkken",1,"Tilkn. off. vannverk",1,"Offentlig kloakk",2022,"2022Q3",2022-07-15 02:00:00,"4624/33/182/NA",4624,33,182,"0",300147086,"Strønevegen 85","strønevegen",85,NA,"H0101","5217","Småhus",786986,"Enebolig","Bolig","Bolig",5,6701796,23.83,c(-31148.64, 6710509.95)
"161",6950000,30349.3449781659,52,1970,3,"E","Yellow",3,212.55,"Tre",4,"Fritt salg","Frittliggende enebolig",1,"925.8",0,0,0,0,0,0,2,279,"0.0","279.0","0.0",0,1,1,229,5,1,2,1,0,2,"Hovedetasje","Kjøkken",1,"Tilkn. off. vannverk",1,"Offentlig kloakk",2022,"2022Q2",2022-05-16 02:00:00,"4624/63/322/NA",4624,63,322,"0",9779280,"Stølsvegen 52","stølsvegen",52,NA,"H0101","5200","Småhus",527513,"Enebolig m/hybel/sokkelleil.","Bolig","Bolig",7,2321594,24.01,c(-26962.64, 6710856.32)
"162",3625000,27255.6390977444,34,1988,3,"E","Yellow",3,211.63,"Tre",4,"Fritt salg","Frittliggende enebolig",1,"1016.3",0,0,0,0,0,0,1,133,"0.0","133.0","0.0",0,1,1,133,4,1,2,1,0,2,"Hovedetasje","Kjøkken",1,"Tilkn. off. vannverk",1,"Offentlig kloakk",2022,"2022Q2",2022-04-12 02:00:00,"4626/105/164/NA",4626,105,164,"0",9795146,"Vestmarka 8","vestmarka",8,NA,"H0101","5378","Småhus",404988,"Enebolig","Bolig","Bolig",7,1314742,21.37,c(-44491.96, 6716966.6)
"163",3350000,25968.992248062,9,2013,5,"C","Red",1,153.7,"Tre",4,"Fritt salg","Tomannsbolig",1,"504.6",0,0,0,0,0,0,1,129,"0.0","129.0","1.0",0,1,1,129,5,1,2,1,0,2,"Hovedetasje","Kjøkken",1,"Tilkn. off. vannverk",1,"Offentlig kloakk",2022,"2022Q2",2022-05-09 02:00:00,"4624/61/169/NA",4624,61,169,"0",25375769,"Hjellevegen 91","hjellevegen",91,NA,"H0101","5211","Småhus",496617,"Tomannsbolig, vertikaldelt","Bolig","Bolig",6,2361419,23.09,c(-26007.27, 6712029.11)
"164",2750000,27227.7227722772,28,1993,3,"E","Orange",2,214.05,"Tre",4,"Fritt salg","Rekkehus/kjede",1,"167.9",0,0,0,0,0,0,1,101,"0.0","101.0","0.0",0,2,1,101,4,1,1,1,0,2,"Hovedetasje","Kjøkken",1,"Tilkn. off. vannverk",1,"Offentlig kloakk",2021,"2021Q1",2021-02-24 01:00:00,"4626/41/541/NA",4626,41,541,"0",12198892,"Botnafjellsvegen 8","botnafjellsvegen",8,NA,"H0201","5353","Småhus",229733,"Rekkehus","Bolig","Bolig",6,336239,11.09,c(-42954.47, 6732391.29)
"165",8275000,206875,24,1998,4,"D","Orange",2,156.17,"Tre",4,"Fritt salg","Frittliggende enebolig",1,"1056.2",0,0,0,0,0,0,3,218,"0.0","218.0","0.0",0,1,1,40,2,1,1,1,0,1,"Underetasje","Kjøkken",1,"Tilkn. off. vannverk",1,"Offentlig kloakk",2022,"2022Q2",2022-05-16 02:00:00,"4601/185/818/NA",4601,185,818,"0",9568166,"Kringstølen 4 B","kringstølen",4,"B","U0102","5124","Småhus",525841,"Enebolig m/hybel/sokkelleil.","Bolig","Bolig",8,4819132,9.44,c(-33629.99, 6743632.71)
"166",1400000,8588.95705521472,0,2022,7,"A","Red",1,96.66,"Tre",4,"Fritt salg","Blokkleilighet",1,"726.4",0,0,0,0,0,0,1,163,"0.0","163.0","118.0",0,1,1,163,6,2,2,1,0,2,"Hovedetasje","Kjøkken",1,"Tilkn. off. vannverk",1,"Offentlig kloakk",2021,"2021Q2",2021-04-09 02:00:00,"4626/57/167/NA",4626,57,167,"0",300867184,"Huldraspelet 19","huldraspelet",19,NA,"H0101","5357","Småhus",409942,"Enebolig","Bolig","Bolig",2,7268031,16.12,c(-47483.21, 6729726.46)
"167",5020000,34149.6598639456,32,1990,3,"E","Orange",2,226.75,"Tre",4,"Fritt salg","Frittliggende enebolig",1,"1565.8",0,0,0,0,0,0,1,147,"0.0","147.0","0.0",0,1,1,147,5,2,2,1,0,2,"Hovedetasje","Kjøkken",2,"Tilkn. privat vannverk",2,"Privat kloakk",2022,"2022Q2",2022-04-05 02:00:00,"4626/50/459/NA",4626,50,459,"0",12194536,"Pollhaugen 1","pollhaugen",1,NA,"H0101","5177","Småhus",375399,"Enebolig","Bolig","Bolig",4,332751,11.09,c(-41270.84, 6728187.67)
"168",5350000,32035.9281437126,38,1984,3,"E","Orange",2,233.68,"Tre",4,"Fritt salg","Frittliggende enebolig",1,"602.2",0,0,0,0,0,0,1,167,"0.0","167.0","0.0",0,1,1,167,5,2,2,1,0,2,"Hovedetasje","Kjøkken",1,"Tilkn. off. vannverk",1,"Offentlig kloakk",2022,"2022Q1",2022-02-28 01:00:00,"4601/138/51/NA",4601,138,51,"0",9421262,"Kipleveien 9","kipleveien",9,NA,"H0101","5179","Småhus",224795,"Enebolig","Bolig","Bolig",5,4798087,7.28,c(-39193.56, 6733020.42)
